;DADO;VALOR;VU;AREALOTE;TESTADA;PROFUND;PAVIM;TOPOGRAF;DATA;TEMPO;IA;N_PAV;RENDA;CENTENA;ANOS;E;N;BAI_LOC;ENDERECO;COMPL;FONTE;TELEFONE;ZF_NOVA;ET;NT;ET2;NT2;ETNT;D_AV
1;46;50000;165,02;303;11,9;26,5;1;3;01-set-yyyy;2,013;3;4;1498,82;1120,87;1;657332,74;6827208,3;MARIA_CÊU;RUA_OADI_MATHEUS_SILVANO;NA;CROMIXX;3442-1200;ZM2-4;0,39;0,84;0,15;0,71;0,33;1,12
2;47;70000;155,56;450;15;30;1;3;01-set-yyyy;2,013;3;4;1581,24;1077,87;1;657573,66;6827266,91;MARIA_CÊU;RUA_OTÁVIO_EDUARDO_PONCIANO;NA;PROPRIETÁRIO;3433-6251;ZM2-4;0,43;0,85;0,18;0,73;0,37;1,08
3;48;80000;177,78;450;15;30;1;3;01-set-yyyy;2,013;1;2;1479,95;1264,49;1;657459,3;6827425,02;MARIA_CÊU;RUA_OTÁVIO_EDUARDO_PONCIANO;NA;PROPRIETÁRIO;9926-0958;ZR1 - 2;0,41;0,89;0,17;0,78;0,36;1,26
4;49;70000;155,56;450;15;30;1;3;01-set-yyyy;2,013;1;2;1412,38;1335,35;1;657350,28;6827457,03;MARIA_CÊU;RUA_OTÁVIO_EDUARDO_PONCIANO;NA;BEMORAR_-_GÓES_;3431-8900;ZR1 - 2;0,39;0,89;0,15;0,79;0,35;1,34
5;50;85000;166,34;511;15;30;1;3;01-set-yyyy;2,013;1;2;1487,59;1237,32;1;657452,44;6827393,4;MARIA_CÊU;RUA_OTÁVIO_EDUARDO_PONCIANO;NA;CARSOSO;3433-9208;ZR1 - 2;0,41;0,88;0,17;0,77;0,36;1,24
6;81;80000;222,22;360;12;30;2;2;29-ago-yyyy;2,013;1;2;1528,2;1336,91;1;656494,21;6826849,79;Vila_Flores;Rua_Aparecida_Rodrigues;NA;NA;3437-0097 / 9984-;ZR1 - 2;0,25;0,77;0,06;0,59;0,19;1,34
7;92;100000;273,41;365,75;12,31;29,75;2;3;09-set-yyyy;2,013;1;2;1417,51;1410,16;1;657468;6827582;MINA_DO_MAT;ANTÔNIO_CACIATÓRIO;NA;AIDAR_MODOLON;99172025;ZR1 - 2;0,41;0,92;0,17;0,84;0,38;1,41
8;93;100000;257,2;388,8;13,55;29,7;2;3;09-set-yyyy;2,013;1;2;1417,84;1415,68;1;657475;6827590;MINA_DO_MAT;ANTÔNIO_CACIATÓRIO;NA;AIDAR_MODOLON;99172025;ZR1 - 2;0,41;0,92;0,17;0,84;0,38;1,42
9;95;75000;146,71;511,2;14,4;35,5;1;3;06-set-yyyy;2,013;1;2;1390,58;1387,52;1;657355;6827516;MARIA_CÊU;OTÁVIO_EDUARDO_PONCIANO;NA;CARDOSO;34339208/99571382;ZR1 - 2;0,39;0,9;0,15;0,82;0,35;1,39
10;96;110000;155,37;708;24;29,5;1;3;09-set-yyyy;2,013;1;2;1403,17;1661,92;1;657630;6827885;MINA_DO_MAT;TEREZA_PEREIRA_DEMETRIO;ESQ._CLARINDA_LINIOLI_DE;CELSO_SANTOS;99880880;ZR1 - 2;0,44;0,98;0,19;0,95;0,43;1,66
11;103;400000;390,82;1023,5;23;44,5;1;2;10-set-yyyy;2,013;3;4;1524,12;1114,03;1;657151;6827087;OPERÁRIA_NO;LUIZ_LAZZARIN;ESQ._COM_ANITAPOLIS;COSEVAL;34372788/91487687;ZM2-4;0,36;0,82;0,13;0,67;0,29;1,11
12;106;130000;358,62;362,5;15,5;19;1;3;03-set-yyyy;2,013;1;2;1452;572,14;1;657974;6826835;OPERÁRIA_NO;RUA_ABOLIÇÃO;NA;DUDA_IMÓVEIS;3468-7777/8447757;ZR1 - 2;0,5;0,77;0,25;0,59;0,38;0,57
13;109;150000;339,37;442;16,8;28,4;1;2;04-set-yyyy;2,013;1;2;1711,66;315,34;1;658318;6826600;OPERÁRIA_NO;ALVARO_CATÃO;NA;EMIR_SIQUEIRA;9978-7013;ZR1 - 2;0,55;0,72;0,31;0,52;0,4;0,32
14;110;120000;196,72;610;20;30,5;1;3;03-set-yyyy;2,013;1;2;1388,89;214,77;1;657904;6826464;OPERÁRIA_NO;SEBASTIÃO_HUMBERTO_PIERI;ESQ_COM_JOSÉ_ESCOTINI;GOES_IMÓVEIS;3045-3344;ZR1 - 2;0,48;0,69;0,23;0,48;0,34;0,21
15;113;75000;150,53;498,24;14,4;34,6;1;2;06-set-yyyy;2,013;1;2;1293,25;1527,52;1;657262;6827628;MARIA_CÊU;OTÁVIO_EDUARDO_PONCIANO;NA;LUIZ_GUSTAVO_GI;99220190;ZR1 - 2;0,38;0,93;0,14;0,86;0,35;1,53
16;114;70000;180,53;387,75;16,5;23,5;1;2;06-set-yyyy;2,013;1;2;1476,63;1174,63;1;657334;6827270;MARIA_CÊU;TRANQUILO_PELEGRIN;NA;LUIZ_GUSTAVO_GI;99220190;ZR1 - 2;0,39;0,85;0,15;0,73;0,33;1,17
17;115;300000;666,67;450;15;30;1;3;09-set-yyyy;2,013;3;4;1337,22;1542,57;1;657400;6827699;MINA_DO_MAT;ROD_SEBASTIÃO_TOLEDO_DOS_SA;ESQ._CLARINDA_LINIOLI_DE;MIDAR_MODOLON;99172025;ZM2-4;0,4;0,94;0,16;0,88;0,38;1,54
18;117;145000;428,68;338,25;20,5;16,5;1;2;10-set-yyyy;2,013;1;2;1619,78;821,37;1;657259;6826803;OPERÁRIA_NO;ANTÔNIO_VERDIERI;ESQ_MARTIN_AFONSO_DE_SOU;NOVA_TERRA;34442050/99983552;ZR1 - 2;0,38;0,76;0,14;0,58;0,29;0,82
19;119;90000;200;450;15;30;1;3;03-set-yyyy;2,013;1;2;1350,53;244,98;1;657920;6826498;OPERÁRIA_NO;SEBASTIÃO_HUMBERTO_PIERI;NA;PAULÃO;9994-1636;ZR1 - 2;0,49;0,7;0,24;0,49;0,34;0,24
20;122;100000;234,88;425,75;13;32,75;1;2;10-set-yyyy;2,013;3;4;1527,78;1122,93;1;657031;6827009;OPERÁRIA_NO;LUIZ_LAZZARIN;NA;PEDRO_PAULO__PA;96045433/34330201;ZM2-4;0,34;0,8;0,11;0,64;0,27;1,12
21;124;120000;420,68;285,25;14,55;19,7;1;3;06-set-yyyy;2,013;3;4;1489,8;1150,06;1;657248;6827195;MARIA_CÊU;JAGUARUNA;NA;PEDRO_PAULO_PAV;96045433/34330201;ZM2-4;0,37;0,84;0,14;0,7;0,31;1,15
22;125;75000;180,64;415,2;12;34,6;2;2;06-set-yyyy;2,013;1;2;1680,28;1219,08;1;657708;6827449;MINA_DO_MAT;BAZILIO_VALENTINI_ZILLI;NA;PEDRO_PAULO_PAV;96045433/34330201;ZR1 - 2;0,45;0,89;0,2;0,79;0,4;1,22
23;127;95000;175,93;540;15;36;1;3;09-set-yyyy;2,013;1;2;1459,24;1507,19;1;657669;6827735;MINA_DO_MAT;ODORICO_LIMAS_SOARES;NA;PILAR;34377000;ZR1 - 2;0,44;0,95;0,2;0,9;0,42;1,51
24;128;60000;128,59;466,6;15,05;31,2;1;1;06-set-yyyy;2,013;1;2;1393,33;1380,95;1;657353;6827508;MARIA_CÊU;OTÁVIO_EDUARDO_PONCIANO;NA;NA;34336251;ZR1 - 2;0,39;0,9;0,15;0,81;0,35;1,38
25;129;55000;117,27;469;15;31;1;1;06-set-yyyy;2,013;1;2;1391,11;1385,54;1;657353;6827513;MARIA_CÊU;OTÁVIO_EDUARDO_PONCIANO;NA;NA;34336251;ZR1 - 2;0,39;0,9;0,15;0,81;0,35;1,39
26;131;70000;216,12;323,9;11,1;28,65;2;2;06-set-yyyy;2,013;1;2;1559,04;1014,11;1;657074;6826905;OPERÁRIA_NO;VALDIR_PORTO_CORRREA;NA;NA;96095555;ZR1 - 2;0,35;0,78;0,12;0,61;0,27;1,01
27;134;110000;267,15;411,75;18,3;22,5;1;2;09-set-yyyy;2,013;1;2;1564,17;1017,2;1;657111;6826937;OPERÁRIA_NO;MARTIN_AFONSO_DE_SOUZA;ESQ._VALDIR_PORTO_CORREA;NA;99062487;ZR1 - 2;0,35;0,79;0,12;0,62;0,28;1,02
28;135;140000;513,67;272,55;13,8;19,75;1;2;09-set-yyyy;2,013;1;2;1563,75;1017,84;1;657106;6826934;OPERÁRIA_NO;MARTIN_AFONSO_DE_SOUZA;NA;NA;99649450;ZR1 - 2;0,35;0,79;0,12;0,62;0,28;1,02
29;136;70000;169,7;412,5;25;16,5;1;3;06-set-yyyy;2,013;1;2;1376,7;1376,61;1;657181;6827417;MARIA_CÊU;LUIZ_GONZAGA_AMANTE;ESQ_TRANQUILO_PELEGRIN;NA;99788800;ZR1 - 2;0,36;0,88;0,13;0,78;0,32;1,38
30;137;70000;169,7;412,5;16,5;25;1;3;06-set-yyyy;2,013;1;2;1380,31;1373,22;1;657166;6827405;MARIA_CÊU;LUIZ_GONZAGA_AMANTE;NA;NA;99788800;ZR1 - 2;0,36;0,88;0,13;0,78;0,32;1,37
31;138;70000;169,7;412,5;25;16,5;1;2;06-set-yyyy;2,013;1;2;1384,82;1368,2;1;657153;6827392;MARIA_CÊU;LUIZ_GONZAGA_AMANTE;ESQ._MAESTRO_DA_SILVA;NA;99788800;ZR1 - 2;0,36;0,88;0,13;0,77;0,32;1,37
32;140;60000;129,19;464,45;15;31;1;1;06-set-yyyy;2,013;1;2;1405,51;1364,73;1;657371;6827498;MARIA_CÊU;OTÁVIO_EDUARDO_PONCIANO;NA;NA;3433-6251;ZR1 - 2;0,4;0,9;0,16;0,81;0,36;1,36
33;141;230000;553,55;415,5;14,2;30,95;1;2;04-set-yyyy;2,013;1;2;1703,63;308,52;1;658318;6826593;OPERÁRIA_NO;ALVARO_CATÃO;NA;NA;8815-9199;ZR1 - 2;0,55;0,72;0,31;0,52;0,4;0,31
34;142;140000;311,11;450;15;30;1;3;03-set-yyyy;2,013;1;2;1339,39;250,09;1;657924;6826504;OPERÁRIA_NO;SEBASTIÃO_HUMBERTO_PIERI;NA;NA;9904-7604;ZR1 - 2;0,49;0,7;0,24;0,49;0,34;0,25
35;145;100000;229,89;435;15;29;2;3;01-out-yyyy;2,013;1;2;1813,4;413,85;1;657383,65;6826386,39;SANTO_ANTÔN;RUA_AMABILE_MILANEZ_SÔNEGO;NA;PILAR;3437-7000;ZR1 - 2;0,4;0,68;0,16;0,46;0,27;0,41
36;147;90000;257,14;350;14,75;23,81;2;3;01-out-yyyy;2,013;1;2;1433,95;813,61;1;656960,71;6826568,54;SANTO_ANTÔN;RUA_JOÃO_ALÍPIO_BRAZ;NA;PILAR;3437-7000;ZR1 - 2;0,33;0,71;0,11;0,51;0,23;0,81
37;148;170000;404,76;420;14;30;2;3;01-out-yyyy;2,013;1;2;1530,54;169,77;1;656928,77;6825247,06;SANTO_ANTÔN;RUA_IMIRANTE_CASAGRANDE;NA;PROPRIETÁRIO;NA;ZR1 - 2;0,32;0,45;0,1;0,2;0,14;0,17
38;149;140000;311,11;450;15;30;2;3;01-out-yyyy;2,013;1;2;1528,7;406,59;1;656967,3;6825825,34;SANTO_ANTÔN;RUA_JUVÊNCIO_BORGES_JÚNIOR;NA;PROPRIETÁRIO;NA;ZR1 - 2;0,33;0,57;0,11;0,32;0,19;0,41
39;150;130000;376,81;345;14;23;2;3;01-out-yyyy;2,013;1;2;1187;592,66;1;656836,82;6826043,74;SANTO_ANTÔN;RUA_LAGUNA;NA;PROPRIETÁRIO;NA;ZR1 - 2;0,31;0,61;0,09;0,37;0,19;0,59
40;153;145000;339,23;427,44;12;35,62;1;1;23-ago-yyyy;2,013;1;4;2442,12;880,53;1;658096,21;6827147,79;VERA_CRUZ;RUA_EUGÊNIO_DE_BONA_CASTELA;NA;CANARIM;912232726;ZR2 - 4;0,52;0,83;0,27;0,69;0,43;0,88
41;154;370000;1640,8;225,5;11;20,5;1;1;22-ago-yyyy;2,013;1;4;2444,39;982,34;1;658480,21;6827363,79;VERA_CRUZ;RUA_JOÃO_PESSOA;NA;CANARIM;91232726/91232726;ZR2 - 4;0,58;0,87;0,34;0,76;0,51;0,98
42;157;90000;237,69;378,64;15,55;24,35;2;1;27-ago-yyyy;2,013;1;2;1860,17;1381,33;1;658464,21;6827784,79;LOTE_SEIS_;RUA_SILVESTRE_SERAFIM;NA;COSEVAL;34372788;ZR1 - 2;0,58;0,96;0,33;0,92;0,55;1,38
43;158;90000;238,67;377,09;15,55;24,25;2;1;27-ago-yyyy;2,013;1;2;1855,17;1381,33;1;658464,21;6827784,79;LOTE_SEIS_;RUA_SILVESTRE_SERAFIM;NA;COSEVAL;34372788;ZR1 - 2;0,58;0,96;0,33;0,92;0,55;1,38
44;159;90000;239,16;376,31;15,55;24,2;2;1;27-ago-yyyy;2,013;1;2;1855,17;1396,88;1;658451,21;6827796,79;LOTE_SEIS_;RUA_SILVESTRE_SERAFIM;NA;COSEVAL;34372788;ZR1 - 2;0,58;0,96;0,33;0,92;0,55;1,4
45;160;200000;416,67;480;15;32;1;1;22-ago-yyyy;2,013;1;4;3034,49;873,03;1;658263,21;6827159,79;VERA_CRUZ;RUA_JOSÉ_CARLOS_DE_BONA_SAR;NA;CRIATIVE_IMÓVEI;34384484/99285715;ZR2 - 4;0,54;0,83;0,3;0,69;0,45;0,87
46;182;220000;330,83;665;19;37;1;1;22-ago-yyyy;2,013;1;4;1950,86;1352,07;1;658337,21;6827704,79;VERA_CRUZ;RUA_ELIZEU_BERNADINO_LOUREN;NA;DIETER_JUNKIS;34334347/9942015;ZR2 - 4;0,56;0,94;0,31;0,89;0,52;1,35
47;184;180000;800;225;15;15;2;1;22-ago-yyyy;2,013;1;2;2718,63;1071,66;1;658769,21;6827544,79;LOTE_SEIS_;RUA_NOEL_ROSA;NA;DUDA_IMÓVEIS;34687777/84477570;ZR1 - 2;0,63;0,91;0,39;0,83;0,57;1,07
48;185;180000;800;225;15;15;2;1;27-ago-yyyy;2,013;1;2;2655,07;1080,21;1;658760,21;6827551,79;LOTE_SEIS_;RUA_NOEL_ROSA;ESQ._CUSTÓDIA_DA_CONCEIÇ;DUDA_IMÓVEIS;34687777/84477570;ZR1 - 2;0,63;0,91;0,39;0,83;0,57;1,08
49;186;190000;487,18;390;15;26;2;1;27-ago-yyyy;2,013;1;2;1904,35;1369,45;1;658539,21;6827795,79;LOTE_SEIS_;RUA_NOEL_ROSA;NA;DUDA_IMÓVEIS;34687777/84477570;ZR1 - 2;0,59;0,96;0,35;0,92;0,57;1,37
50;195;75000;142,86;525;15;35;2;2;22-ago-yyyy;2,013;1;4;1928,32;1044,05;1;658605,21;6827475,79;VERA_CRUZ;RUA_SD_943-053;NA;DUDA_IMÓVEIS;34687777/84477570;ZR2 - 4;0,6;0,9;0,36;0,8;0,54;1,04
51;196;75000;153,06;490;14;35;1;2;22-ago-yyyy;2,013;1;4;1964,53;1054,33;1;658629,21;6827493,79;VERA_CRUZ;RUA_SD_943-053;NA;DUDA_IMÓVEIS;34687777;ZR2 - 4;0,6;0,9;0,37;0,81;0,54;1,05
52;197;75000;153,06;490;14;35;1;2;22-ago-yyyy;2,013;1;4;1996,81;1057,18;1;658639,21;6827499,79;VERA_CRUZ;RUA_SD_943-053;NA;DUDA_IMÓVEIS;34687777/84477570;ZR2 - 4;0,61;0,9;0,37;0,81;0,55;1,06
53;198;80000;95,01;842;41,5;28;2;2;22-ago-yyyy;2,013;1;4;2033,26;1047,81;1;658645,21;6827491,79;VERA_CRUZ;RUA_SD_943-053;NA;DUDA_IMÓVEIS;34687777/84477570;ZR2 - 4;0,61;0,9;0,37;0,81;0,55;1,05
54;199;200000;330,85;604,5;15,5;39;1;1;22-ago-yyyy;2,013;1;4;2306,76;1228;1;658295,21;6827548,79;VERA_CRUZ;RUA_JOÃO_PESSOA;NA;DUDA_IMÓVEIS;34687777/84477570;ZR2 - 4;0,55;0,91;0,3;0,83;0,5;1,23
55;205;200000;264,03;757,5;30;25,25;2;1;27-ago-yyyy;2,013;1;2;1869,54;1427,35;1;658501,21;6827844,79;LOTE_SEIS_;RUA_NOEL_ROSA;NA;IMOBILIÁRIA_CID;99722673;ZR1 - 2;0,58;0,97;0,34;0,94;0,57;1,43
56;208;200000;208,33;960;20;48;1;1;22-ago-yyyy;2,013;1;4;2213,13;1269,58;1;658282,21;6827588,79;VERA_CRUZ;RUA_ELIZEU_BERNADINO_LOUREN;ESQ._RUA_JOÃO_PESSOA;IMPÉRIO_IMOBILI;34373322;ZR2 - 4;0,55;0,92;0,3;0,84;0,5;1,27
57;209;130000;121,38;1071;30;35,7;2;3;23-ago-yyyy;2,013;1;4;2249,63;873,69;1;658045,21;6827140,79;VERA_CRUZ;RUA_MELEIRO;NA;JOADILSON_BRASI;96106846;ZR2 - 4;0,51;0,83;0,26;0,69;0,42;0,87
58;211;130000;350,88;370,5;13;28,5;2;1;22-ago-yyyy;2,013;1;4;3386,74;985,41;1;658309,21;6827288,79;VERA_CRUZ;RUA_SD_1794-036;NA;PRIMELAR_;99470644/30454566;ZR2 - 4;0,55;0,86;0,3;0,74;0,47;0,99
59;214;190000;557,66;340,71;13,85;24,6;2;1;27-ago-yyyy;2,013;1;2;2151,22;1190,45;1;658674,21;6827646,79;LOTE_SEIS_;RUA_NOEL_ROSA;NA;SALETTO;30457836/91627836;ZR1 - 2;0,61;0,93;0,37;0,86;0,57;1,19
60;215;190000;624,38;304,3;12,32;24,7;2;1;27-ago-yyyy;2,013;1;2;2223,21;1171,12;1;658691,21;6827630,79;LOTE_SEIS_;RUA_NOEL_ROSA;NA;SALETTO;30457836/91627836;ZR1 - 2;0,62;0,93;0,38;0,86;0,57;1,17
61;217;100000;216,75;461,36;19;24,28;1;3;11-set-yyyy;2,013;1;2;3007,37;878,08;1;659875;6825383;COMERCIÁRIO;RUA_CAÇADOR;NA;2B_IMÓVEIS;3443-3411 / 8849-;ZR1 -2;0,81;0,48;0,66;0,23;0,39;0,88
62;219;210000;482,75;435,01;14;28;1;3;12-set-yyyy;2,013;3;8;1871,18;457,82;1;657842;6825548;SANTA_BÁRBA;RUA_ALUÍZIO_DE_AZEVEDO;NA;DUDA_IMÓVEIS;3468-7777 / 8447-;ZM2 -8;0,47;0,51;0,22;0,26;0,24;0,46
63;220;180000;370,9;485,31;15;32,35;1;3;13-set-yyyy;2,013;1;2;2991,76;1088,49;1;658656;6825219;SANTA_BÁRBA;RUA_DUARTE_DA_COSTA;NA;ELIZANDRO_IMÓVE;9995-9625 / 3045-;ZR1-2;0,61;0,44;0,37;0,2;0,27;1,09
64;222;350000;429,5;814,91;28;29,1;1;3;13-set-yyyy;2,013;1;2;2988,67;1022,73;1;658572;6825266;SANTA_BÁRBA;RUA_DUARTE_DA_COSTA;NA;IMOVEST;9978-8730;ZR1-2;0,6;0,45;0,35;0,21;0,27;1,02
65;223;125000;324,93;384,7;13;25;1;3;12-set-yyyy;2,013;3;8;1634,62;269,61;1;657624;6825366;SANTA_BÁRBA;RUA_PRESIDENTE_ROOSEVELT;ESQUINA_COM_A_RUA_VICTOR;IMPÉRIO_IMOBILI;3437-3322;ZM2 -8;0,44;0,47;0,19;0,22;0,21;0,27
66;224;125000;538,86;231,97;13;25;1;3;12-set-yyyy;2,013;3;8;1643,51;283,28;1;657639;6825368;SANTA_BÁRBA;RUA_PRESIDENTE_ROOSEVELT;NA;IMPÉRIO_IMOBILI;3437-3322;ZM2 -8;0,44;0,47;0,19;0,22;0,21;0,28
67;225;125000;358,26;348,91;13;25;1;3;12-set-yyyy;2,013;3;8;1657,25;296,21;1;657655;6825377;SANTA_BÁRBA;RUA_PRESIDENTE_ROOSEVELT;ESQUINA_COM_A_RUA_ANTÔNI;IMPÉRIO_IMOBILI;3437-3322;ZM2 -8;0,44;0,48;0,2;0,23;0,21;0,3
68;226;340000;428,21;794,01;15;52,93;1;3;18-set-yyyy;2,013;2;8;7351,46;870,11;1;659183;6827357;CENTRO;RUA_ENGENHEIRO_FIUZA_DA_ROC;FUNDOS_COM_A_RUA_TIMÓTEO;IMPÉRIO_IMOBILI;3437-3322;ZR3-8;0,7;0,87;0,49;0,76;0,61;0,87
69;227;450000;1041,52;432,06;12;36,01;1;1;13-set-yyyy;2,013;1;2;3371,71;530,75;1;660141;6825764;COMERCIÁRIO;RUA_AGRÍCOLA_INDIO_GUIMARÃE;NA;NOVA_ALIANÇA;3045-7200;ZR1 -2;0,86;0,55;0,73;0,31;0,47;0,53
70;228;380000;880,3;431,67;16;26,98;1;2;18-set-yyyy;2,013;2;8;6985,15;877,92;1;659150;6827369;CENTRO;RUA_ENGENHEIRO_FIUZA_DA_ROC;NA;NOVA_ALIANÇA;3045-7200;ZR3-8;0,69;0,87;0,48;0,76;0,6;0,88
71;229;275000;626;439,3;15,5;30;1;3;13-set-yyyy;2,013;1;2;3545,89;388,8;1;659813;6825877;COMERCIÁRIO;RUA_RIACHUELO;NA;PAULÃO_IMÓVEIS;9994-1636;ZR1 -2;0,8;0,58;0,64;0,33;0,46;0,39
72;230;175000;370,05;472,91;15,5;30;2;1;13-set-yyyy;2,013;1;2;2237,08;194,74;1;660260,11;6826194,95;COMERCIÁRIO;RUA_ANTÔNIO_GABRIEL_MACHADO;NA;PEDRO_PAULO_PAV;9604-5433 / 3433-;ZR1 -2;0,88;0,64;0,77;0,41;0,56;0,19
73;231;190000;433,46;438,33;15;29,22;1;3;12-set-yyyy;2,013;1;2;2904,14;937,48;1;659823;6825325;COMERCIÁRIO;RUA_VEREADOR_CYRO_BACHA;NA;PILAR;3442-7000;ZR1 -2;0,8;0,47;0,65;0,22;0,37;0,94
74;232;170000;410,98;413,65;14;29,55;1;1;13-set-yyyy;2,013;1;2;3666,95;408,4;1;660042;6825867;COMERCIÁRIO;RUA_PEDRO_RODRIGUES_LOPES;NA;PREDIAL;3045-7899 / 9954-;ZR1 -2;0,84;0,57;0,71;0,33;0,48;0,41
75;233;270000;616,28;438,11;17;23;2;1;16-set-yyyy;2,013;2;8;2278,39;327,22;1;658459;6826645;CENTRO;RUA_ALFREDO_DEL_PRIDE_;*_ESQUINA_COM_A_RUA_EMÍL;PREDIAL;3045-7899 / 9954-;ZR3-8;0,58;0,73;0,33;0,53;0,42;0,33
76;234;165000;371,39;444,28;14;30;1;3;13-set-yyyy;2,013;1;2;3124,36;869,07;1;658617;6825435;SANTA_BÁRBA;RUA_MARECHAL_HERMES;NA;PREDIAL;3045-7899 / 9954-;ZR1-2;0,6;0,49;0,36;0,24;0,29;0,87
77;235;300000;367,03;817,38;47,5;17,21;1;3;12-set-yyyy;2,013;3;8;1570,35;365,4;1;657649;6825206;SANTA_BÁRBA;RUA_VISCONDE_DE_CAIRU;NA;PRIMÍCIA_IMÓVEI;3433-7279 / 9651-;ZM2 -8;0,44;0,44;0,19;0,19;0,19;0,37
78;236;165000;437,36;377,26;14;26,95;2;3;13-set-yyyy;2,013;1;2;3688,55;451,36;1;660068;6825828;COMERCIÁRIO;RUA_PEDRO_RODRIGUES_LOPES;NA;WM_IMÓVEIS;3433-6150 / 9984-;ZR1 -2;0,84;0,57;0,71;0,32;0,48;0,45
79;237;220000;519,04;423,86;16;29;1;2;13-set-yyyy;2,013;1;2;3352,29;597,63;1;659748;6825675;COMERCIÁRIO;RUA_JOÃO_MILIOLI;ESQUINA_COM_A_RUA_SD_054;PROPRIETÁRIO;9993-2036;ZR1 -2;0,79;0,54;0,63;0,29;0,42;0,6
80;238;120000;417,71;287,28;15;19,15;1;3;12-set-yyyy;2,013;3;8;1986,71;565,4;1;658038;6825629;SANTA_BÁRBA;RUA_JOSÉ_MILANEZ;NA;PROPRIETÁRIO;9993-4730;ZM2 -8;0,51;0,53;0,26;0,28;0,27;0,57
81;239;1050000;2243,45;468,03;25;37;1;3;12-set-yyyy;2,013;3;8;1571;8,62;1;657856;6826186;SANTA_BÁRBA;AVENIDA_CENTENÁRIO;NA;PROPRIETÁRIO;3626-3979 / 9986-;ZM1 - 8;0,48;0,64;0,23;0,41;0,3;0,01
82;240;1110000;1286,94;862,51;30;28,75;1;3;01-out-yyyy;2,013;4;16;2106,76;63,17;1;658449,76;6826223,37;CENTRO;RUA_PEDRO_BENETON;NA;FONTANA;NA;ZC2 -16;0,57;0,64;0,33;0,42;0,37;0,06
83;241;1700000;1324,67;1283,34;43,16;29,73;1;3;01-out-yyyy;2,013;4;16;2861,94;234,44;1;658634,52;6826090,84;CENTRO;RUA_PEDRO_BENETON;NA;FONTANA;NA;ZC2 -16;0,61;0,62;0,37;0,38;0,37;0,23
84;242;1700000;1396,03;1217,74;43,1;28,25;1;3;01-out-yyyy;2,013;4;16;3192,28;302,98;1;658648,49;6826023,74;CENTRO;RUA_PEDRO_BENETON;NA;FONTANA;NA;ZC2 -16;0,61;0,6;0,37;0,37;0,37;0,3
85;243;1100000;1164,02;945;30;31,5;1;3;01-out-yyyy;2,013;4;16;3498,22;437,49;1;658749,66;6825912,3;CENTRO;RUA_PEDRO_BENETON;NA;FONTANA;NA;ZC2 -16;0,62;0,58;0,39;0,34;0,36;0,44
86;244;1250000;1465,18;853,14;29,83;28,6;1;3;01-out-yyyy;2,013;4;16;2966,48;620,18;1;658880,14;6825765,33;CENTRO;RUA_ALMIRANTE_BARROSO;NA;FONTANA;NA;ZC2 -16;0,65;0,55;0,42;0,31;0,36;0,62
87;245;1400000;1541,32;908,31;28,32;32,07;1;3;01-out-yyyy;2,013;4;16;3246,01;630,98;1;659033,84;6825807,04;CENTRO;RUA_ALMIRANTE_BARROSO;NA;FONTANA;NA;ZC2 -16;0,67;0,56;0,45;0,32;0,38;0,63
88;248;150000;384,62;390;15;26;1;3;01-out-yyyy;2,013;2;8;2132,28;230,94;1;660311,92;6826191,24;SÃO_CRISTÓV;RUA_ANTÔNIO_GABRIEL_MACHADO;NA;FONTANA;NA;ZR3 - 8;0,89;0,64;0,78;0,41;0,57;0,23
89;249;400000;769,23;520;20;26;1;3;01-out-yyyy;2,013;2;8;3328,63;511,16;1;660145,61;6825785,97;SÃO_CRISTÓV;RUA_ALMIRANTE_SALDANHA_DA_G;NA;FONTANA;NA;ZR3 - 8;0,86;0,56;0,74;0,31;0,48;0,51
90;321;56000;112,92;495,93;13,5;30;1;3;06-set-yyyy;2,013;1;4;1869,25;1142,57;1;658337;6824841;SÃO_LUIZ;RUA_WASHINGTON_LUIZ;NA;PEDRO_PAULO_PAV;96045433/34330201;ZR2-4;0,56;0,37;0,31;0,14;0,2;1,14
91;340;70000;190,88;366,73;12;29;1;3;06-set-yyyy;2,013;1;4;1455,01;1271,29;1;658264;6824524;SÃO_LUIZ;RUA_BOM_RETIRO;NA;LOCATIVA;34371112/99516831;ZR2-4;0,54;0,3;0,3;0,09;0,17;1,27
92;356;150000;293,26;511,5;33;15,5;1;3;05-set-yyyy;2,013;3;4;1972,49;1378,76;1;658565;6824765;SÃO_LUIZ;RUA_EPITÁCIO_PESSOA;NA;EDILANDO_BARP;96625254/96160375;ZM2-4;0,59;0,35;0,35;0,12;0,21;1,38
93;357;225000;300,26;749,35;13;60;2;3;05-set-yyyy;2,013;1;4;1707,5;1763,3;1;658866;6824516;SÃO_LUIZ;RUA_AFONSO_PENA;NA;FANFA;99645157;ZR2-4;0,64;0,3;0,42;0,09;0,2;1,76
94;358;230000;306,34;750,79;13;60;2;3;05-set-yyyy;2,013;1;4;1681,54;1717,97;1;658805;6824503;SÃO_LUIZ;RUA_AFONSO_PENA;NA;ZANETTA_IMÓVEIS;30452424/96241801;ZR2-4;0,63;0,3;0,4;0,09;0,19;1,72
95;359;245000;503,34;486,75;16,5;29,5;1;3;05-set-yyyy;2,013;1;4;2066,54;1651,02;1;659245;6824717;SÃO_LUIZ;RUA_RAYMUNDO_PUCHER;ESQ._COM_CARLOS_FRANCISC;PILAR_IMOBILIÁR;34377000;ZR2-4;0,71;0,34;0,5;0,12;0,24;1,65
96;361;265000;1006,65;263,25;13,5;19,5;1;3;05-set-yyyy;2,013;1;4;2569,91;1374,7;1;659266;6825003;SÃO_LUIZ;RUA_CAMPOS_SALES;LOTE_NÃO_DESMENBRADO;PILAR_IMOBILIÁR;34427000;ZR2-4;0,71;0,4;0,51;0,16;0,28;1,37
97;369;265000;582,42;455;13;35;1;3;21-fev-yyyy;2,014;1;4;2441,99;1443,33;1;659246,14;6824937,2;SÃO_LUIZ_;RUA_CAMPOS_SALES;NA;PILAR_IMOBILIÁR;3442-7000;ZR2-4;0,71;0,39;0,5;0,15;0,27;1,44
98;370;150000;258,62;580;18;32;1;3;21-fev-yyyy;2,014;3;4;2020,2;1354,81;1;658558,58;6824804,12;SÃO_LUIZ_;RUA_JÚLIO_CASTILHOS;ESQ._COM_EPITÁFIO_PESSOA;IMÓVEL_WEB;NA;ZM2-4;0,59;0,36;0,35;0,13;0,21;1,35
99;371;245000;403,62;607;13,5;45;1;3;21-fev-yyyy;2,014;1;4;2272,08;1537,87;1;659219,23;6824846,4;SÃO_LUIZ_;RUA_CAMPOS_SALES;NA;PILAR_IMOBILIÁR;3442-7000;ZR2-4;0,7;0,37;0,49;0,14;0,26;1,54
100;374;200000;256,41;780;26;30;1;3;21-fev-yyyy;2,014;1;4;1663,98;855,01;1;658032,77;6824898,99;SÃO_LUIZ_;RUA_JOÃO_CAETANO;AV._CARLOS_PINTO_SAMPAIO;ANÚNCIO;NA;ZR2-4;0,51;0,38;0,26;0,14;0,19;0,86
101;375;90000;200;450;15;30;1;3;21-fev-yyyy;2,014;1;4;1733,42;1143,38;1;658270,09;6824735,18;SÃO_LUIZ_;RUA_ANTÔNIO_NAZÁRIO;ESQ._COM_RUA_PINHEIRO_MA;PRIMICIA;NA;ZR2-4;0,55;0,35;0,3;0,12;0,19;1,14
102;437;45000;129,31;348;29;24,3;1;3;21-nov-yyyy;2,013;1;2;1169,52;267,29;1;656461,12;6824916,06;PINHEIRINHO;RUA_IMIGRANTE_ZANETTE;N°989;DUDA_IMÓVEIS;NA;ZR1 - 2;0,24;0,38;0,06;0,15;0,09;0,27
103;438;60000;165,45;362,64;13;30;1;3;21-nov-yyyy;2,013;1;2;1488,22;1210,65;1;657329,56;6823633,48;PINHEIRINHO;RUA_IMIGRANTE_DE_LUCCA;NA;PREF._CRICIÚMA;NA;ZR1 - 2;0,39;0,13;0,15;0,02;0,05;1,21
104;440;60000;189,87;316;13;24,3;1;3;21-nov-yyyy;2,013;1;2;962,24;848,13;1;656069,63;6825345,41;PINHEIRINHO;RUA_SILVINO_ROVARIS;ESQ._LIDIO_DASSOLER;ELIZANDRO_IMÓVE;NA;ZR1 - 2;0,18;0,47;0,03;0,22;0,08;0,85
105;441;60000;189,72;316,25;12,65;25;1;3;21-nov-yyyy;2,013;1;2;1344,39;516,47;1;656497,6;6825303,52;PINHEIRINHO;RUA_CARLOS_SCAVONE;NA;ELIZANDRO_IMÓVE;NA;ZR1 - 2;0,25;0,46;0,06;0,21;0,11;0,52
106;442;60000;172,41;348;12;29;1;3;21-nov-yyyy;2,013;1;2;1148,43;355,12;1;656402,44;6824981,49;PINHEIRINHO;RUA_IMIGRANTE_ZANETTE;N°1030;ELIZANDRO_IMÓVE;NA;ZR1 - 2;0,23;0,4;0,05;0,16;0,09;0,36
107;445;70000;137,25;510;15;34;1;3;21-nov-yyyy;2,013;1;2;1915,47;467,29;1;656796,07;6824151,97;PINHEIRINHO;RUA_IMIGRANTE_DE_LUCCA;NA;SELETTO_IMÓVEIS;3045-7836;ZR1 - 2;0,3;0,23;0,09;0,05;0,07;0,47
108;446;70000;193,31;362,12;12;30;1;3;21-nov-yyyy;2,013;1;2;1492,2;1198,96;1;657321,88;6823642,41;PINHEIRINHO;RUA_IMIGRANTE_DE_LUCCA;NA;GÓES_IMÓVEIS;3437-2552;ZR1 - 2;0,39;0,13;0,15;0,02;0,05;1,2
109;447;70000;192,06;364,46;13;28;1;3;21-nov-yyyy;2,013;1;2;1333,52;657,95;1;657275,53;6824389,46;MILANESE;RUA_DEONILDA_MILANEZ;NA;MOMENTO_IMÓVEIS;3411-5100;ZR1 - 2;0,38;0,28;0,14;0,08;0,11;0,66
110;448;80000;222,22;360;12;30;1;3;21-nov-yyyy;2,013;1;2;1708,1;303,65;1;656683,9;6824272,03;PINHEIRINHO;RUA_IMIGRANTE_DE_LUCCA;NA;ELIZANDRO_IMÓVE;NA;ZR1 - 2;0,28;0,25;0,08;0,06;0,07;0,3
111;449;85000;236,11;360;13;28;1;3;21-nov-yyyy;2,013;1;2;1893,16;451,23;1;656576,8;6824021,31;PINHEIRINHO;RUA_OTÁVIO_GHEDIN;NA;ZANETTA_IMÓVEIS;3045-2424;ZR1 - 2;0,26;0,2;0,07;0,04;0,05;0,45
112;450;87000;192,47;452,01;13;34,77;1;3;10-set-yyyy;2,013;1;2;1807,55;763,87;1;656952;6823887;PINHEIRINHO;RUA_VERGINIO_DORIGON;NA;COLONETTI;9953-9969;ZR1 - 2;0,33;0,18;0,11;0,03;0,06;0,76
113;451;88000;224,55;391,89;14;28;1;3;21-nov-yyyy;2,013;1;2;1692;900,79;1;657012,76;6823758,28;PINHEIRINHO;RUA_PROJETADA_2;LOT._SANTO_ANIBAL;INDICADOR_DE_IM;NA;ZR1 - 2;0,34;0,15;0,11;0,02;0,05;0,9
114;452;89000;243,42;365,63;13;28;1;3;21-nov-yyyy;2,013;1;2;1326,55;671,01;1;657284,31;6824379,78;MILANESE;RUA_DEONILDA_MILANEZ;NA;DUDA_IMÓVEIS;3461-8787;ZR1 - 2;0,38;0,28;0,14;0,08;0,11;0,67
115;453;89000;243,42;365,63;13;28,13;1;3;21-nov-yyyy;2,013;1;2;1420,77;681,51;1;657195,74;6824275,1;MILANESE;RUA_DEONILDA_MILANEZ;NA;DUDA_IMÓVEIS;NA;ZR1 - 2;0,37;0,26;0,13;0,07;0,09;0,68
116;454;90000;247,27;363,98;14;26;1;3;10-set-yyyy;2,013;1;2;2027,09;460,38;1;656700;6824073;PINHEIRINHO;RUA_OTÁVIO_GHEDIN;NA;COLONETTI;9953-9969;ZR1 - 2;0,28;0,21;0,08;0,05;0,06;0,46
117;456;90000;281,14;320,13;14;22,87;1;3;10-set-yyyy;2,013;1;2;1887,99;709;1;656868;6823888;JARDIM_ANGÉ;RUA_SD_1750-089;SEM_MARCAÇÃO_DE_LIMITE;PREDIAL;3045-7899 / 9954-;ZR1 - 2;0,31;0,18;0,1;0,03;0,06;0,71
118;457;90000;218,09;412,67;15,5;25;1;3;10-set-yyyy;2,013;1;4;1631,75;1072;1;658156;6824703;MILANESE;RUA_PINHEIRO_MACHADO;ESQUINA_COM_A_RUA_JOÃO_A;PRIMÍCIA_IMÓVEI;3433-7279 / 9651-;ZR2-4;0,53;0,34;0,28;0,12;0,18;1,07
119;458;90000;171,92;523,5;15;34,9;1;3;21-nov-yyyy;2,013;1;2;1620,05;892,39;1;657137,5;6823896,08;PINHEIRINHO;RUA_GIÁCOMO_THOMÉ;NA;PREF._CRICIÚMA;NA;ZR1 - 2;0,36;0,18;0,13;0,03;0,06;0,89
120;459;90000;250;360;12;30;1;3;21-nov-yyyy;2,013;1;2;1540,3;828,31;1;657187,29;6824052,28;PINHEIRINHO;RUA_SANTINA_MILANEZ;NA;CRILAR_IMÓVEIS;3439-9836;ZR1 - 2;0,36;0,21;0,13;0,04;0,08;0,83
121;460;90000;215,55;417,54;15;27,84;1;3;21-nov-yyyy;2,013;1;2;1709,54;857,57;1;657028,24;6823830,04;PINHEIRINHO;RUA_PROJETADA_3;LOT._SANTO_ANIBAL;INDICADOR_DE_IM;NA;ZR1 - 2;0,34;0,17;0,11;0,03;0,06;0,86
122;461;94030;258,32;364;13;28;1;3;21-nov-yyyy;2,013;1;2;1692;900,79;1;657012,76;6823758,28;PINHEIRINHO;RUA_PROJETADA_1;LOT._SANTO_ANIBAL;ELIZANDRO_IMÓVE;NA;ZR1 - 2;0,34;0,15;0,11;0,02;0,05;0,9
123;462;95000;298,08;318,71;14;22,77;1;3;10-set-yyyy;2,013;1;2;1877,17;717,5;1;656878;6823885;PINHEIRINHO;RUA_SD_1750-089;SEM_MARCAÇÃO_DE_LIMITE;CRISTIANO_CANAR;9123-2726;ZR1 - 2;0,31;0,18;0,1;0,03;0,06;0,72
124;466;96000;232,73;412,5;15;27,5;1;3;21-nov-yyyy;2,013;1;2;1312,16;691,4;1;657302,74;6824369,45;PINHEIRINHO;RUA_ITAPEMA;ESQ._RUA_DEONILDA_MILANE;DUDA_IMÓVEIS;3461-8787;ZR1 - 2;0,38;0,27;0,15;0,08;0,11;0,69
125;467;110000;193,16;569,48;14;42;1;3;11-set-yyyy;2,013;1;2;1608,11;717,94;1;657095;6824114;PINHEIRINHO;RUA_PADRE_MARIO_LABARBUTA;NA;LOCATIVA;3437-1112;ZR1 - 2;0,35;0,22;0,12;0,05;0,08;0,72
126;468;110000;174,6;630;15;42;1;3;21-nov-yyyy;2,013;1;2;1578,34;718,54;1;657111,77;6824133,18;PINHEIRINHO;RUA_PADRE_MARIO_LABARBUTA;NA;LOCATIVA;3437-1112;ZR1 - 2;0,35;0,23;0,12;0,05;0,08;0,72
127;472;180000;358,22;502,49;20,5;28;2;3;10-set-yyyy;2,013;1;2;1483,87;256,57;1;657217;6824902;MILANESE;RUA_VANDRILIO_MANOEL_SERAFI;ESQUINA_COM_A_RUA_MARTIN;LOCATIVA;3437-1112 / 9945-;ZR1 - 2;0,37;0,38;0,14;0,14;0,14;0,26
128;473;200000;714,23;280,02;10;28;1;3;11-set-yyyy;2,013;1;2;1214,51;121,28;1;656543;6824792;PINHEIRINHO;RUA_IMIGRANTE_ZANETTE;NA;PROJETAR;3433-2211 / 9949-;ZR1 - 2;0,26;0,36;0,07;0,13;0,09;0,12
129;475;210000;437,5;480;17;30;2;3;10-set-yyyy;2,013;1;2;1720,55;500,82;1;656760;6825547;JARDIM_ANGÉ;RUA_AMÉLIA_CESÁRIO_FELIPE;ESQUINA_COM_A_RUA_SD;GUTO;3045-3686 / 8406-;ZR1 - 2;0,29;0,51;0,09;0,26;0,15;0,5
130;476;260000;520;500;20;25,5;1;3;10-set-yyyy;2,013;1;2;1476,51;369,13;1;657377;6824904;MILANESE;RUA_VEREADOR_ERNESTO_JOSÉ_M;NA;BEM_MORAR;3433-0202 / 9946-;ZR1 - 2;0,4;0,38;0,16;0,15;0,15;0,37
131;479;350000;849;412,25;14;30;1;3;11-set-yyyy;2,013;1;2;1288,08;372,15;1;656148;6824756;SANTA_AUGUS;RUA_LUIZ_DARÓS;ESQUINA_COM_A_RUA_BOM_JA;GÓES_IMÓVEIS;3045-3344;ZR1 - 2;0,19;0,35;0,04;0,12;0,07;0,37
132;487;440000;662,65;664;25;26,56;1;3;21-nov-yyyy;2,013;1;2;1156,22;120,12;1;656412,12;6824661,07;PINHEIRINHO;RUA_IMIGRANTE_MELLER;NA;CRICIUMA_OLX;NA;ZR1 - 2;0,24;0,33;0,06;0,11;0,08;0,12
133;502;900000;967,74;930;15,5;60;1;3;12-set-yyyy;2,013;2;8;4730,9;319,89;1;660089;6826780;PIO_CORREA;VIDAL_RAMOS;NA;NA;99000903;ZR3 - 8;0,85;0,76;0,72;0,57;0,64;0,32
134;585;1100000;687,5;1600;30;53,33;1;3;01-ago-yyyy;2,012;3;8;2183,35;1070,76;2;658358,31;6825043,55;São_Luiz;Rua_Waschington_Luiz_;esq._Rua_Santos_dumont;Locativa_Imóvei;34371112;ZC3-8;0,56;0,41;0,31;0,17;0,23;1,07
135;586;420000;1076,92;390;15;26;1;3;01-jun-yyyy;2,012;1;4;2261,83;1034,26;2;658343,49;6825106,95;São_Luiz;Av._Santos_Dummont_Esq_com_;Ao_lado_do_Res_Santos_Du;Duda_Im.;34687777;ZR2-4;0,56;0,42;0,31;0,18;0,23;1,03
136;588;55000;182,36;301,6;12;25,13;2;3;01-mai-yyyy;2,012;3;4;1846,56;1403,48;2;658537,02;6824667,63;São_Luiz;Rua_Epitacio_Pessoa;NA;Império;34373322;ZM2-4;0,59;0,33;0,35;0,11;0,2;1,4
137;590;140000;233,33;600;18;33,33;1;3;01-jul-yyyy;2,012;3;4;2000,98;1376,37;2;658571,92;6824783,21;São_Luiz;Rua_Julio_de_Castilho_esq._;Próx._Centro_de_Eventos_;Edilando_Barp;9616-0375;ZM2-4;0,6;0,36;0,35;0,13;0,21;1,38
138;592;150000;382,65;392;14;28;1;3;01-ago-yyyy;2,012;1;4;2391,25;1369,66;2;659451,57;6824948,54;São_Luiz;Rua_Abramo_Casagrande;NA;Dados;9,99E+12;ZR2-4;0,74;0,39;0,55;0,15;0,29;1,37
139;596;150000;166,67;900;30;30;1;3;01-ago-yyyy;2,012;1;4;2337,05;1368,9;2;659523,97;6824931,45;São_Luiz;Rua_Abramo_Casagrande_;NA;Canarin;9123-2726;ZR2-4;0,75;0,39;0,57;0,15;0,29;1,37
140;597;80000;177,78;450;15;30;1;3;01-jun-yyyy;2,012;1;4;2358,38;1287,57;2;659705,73;6824984,58;São_Luiz;Rua_Abramo_Casagrande_Lote_;Prox_a_Hidramaco;Duda_Im.;34687777;ZR2-4;0,78;0,4;0,62;0,16;0,31;1,29
141;598;140000;326,8;428,4;14;30,6;1;3;01-jun-yyyy;2,012;1;4;2407,53;1298,48;2;659584,61;6824991,15;São_Luiz;Rua_Abramo_Casagrande_;Lote_45;Duda_Im.;34687777;ZR2-4;0,76;0,4;0,58;0,16;0,3;1,3
142;599;65000;180,56;360;13;27,69;1;3;01-jun-yyyy;2,012;1;4;1523,22;1222,46;2;658244,16;6824574,8;São_Luiz;Rua_Bom_Retiro;Prox_ao_Cemitério;Duda_Im.;34687777;ZR2-4;0,54;0,31;0,29;0,1;0,17;1,22
143;600;90000;187,5;480;12;40;1;2;01-ago-yyyy;2,012;1;4;1638,62;1303,51;2;658352,15;6824577,31;São_Luiz;Rua_Porto_União;NA;Locativa;34371112;ZR2-4;0,56;0,32;0,31;0,1;0,18;1,3
144;601;100451,97;267,87;375;12,5;30;1;2;01-nov-yyyy;2,012;1;4;1864,57;1775,52;2;659058,69;6824608,32;São_Luiz;Rua_Joaquim_Nabuco;NA;Pilar_Imoveis;34377000;ZR2-4;0,68;0,32;0,46;0,1;0,22;1,78
145;602;110000;188,03;585;15;39;1;3;01-mai-yyyy;2,012;1;4;1635,89;1167,22;2;658242,92;6824658,94;São_Luiz;Rua_Porto_União;NA;Locativa;34371112;ZR2-4;0,54;0,33;0,29;0,11;0,18;1,17
146;603;130000;192,67;674,73;18;37,49;1;3;01-jun-yyyy;2,012;1;4;1959,94;1707,63;2;659060,94;6824679,37;São_Luiz;Rua_Joaquim_Nabuco;Prox_a_Assoc._Atlética_S;Duda_Im.;34687777;ZR2-4;0,68;0,34;0,46;0,11;0,23;1,71
147;607;600000;1333,33;450;15;30;1;3;01-mai-yyyy;2,012;4;16;2824,59;192,9;2;658789,93;6826192,73;Centro;Agrimensor_Cassimiro_Miliol;NA;Duda_Im.;34687777;ZC2 -16;0,63;0,64;0,4;0,41;0,4;0,19
148;634;320000;561,4;570;15;38;1;3;#NULO!;2,015;4;16;2534,47;166,6;1;658853,96;6826634,27;Centro;R_Henrique_Lage;NA;Toninho_Imóveis;3438 0743;ZM1-16;0,64;0,73;0,41;0,53;0,47;0,17
149;639;500000;1724,14;290;10;29;1;3;01-jan-yyyy;2,012;4;16;3942,15;89,86;2;660099,82;6826458,04;Centro;Rua_7_de_Setembro;Rua_fundos_da_Kolina;Duda_Im.;34687777;ZC2 -16;0,85;0,69;0,72;0,48;0,59;0,09
150;640;1,00E+06;1483,68;674;16;42,13;1;3;01-mai-yyyy;2,012;4;16;3780,96;87,38;2;660068,08;6826425,69;Centro;Rua_7_de_Setembro;Rua_fundos_da_Kolina;Duda_Im.;34687777;ZC2 -16;0,84;0,69;0,71;0,47;0,58;0,09
151;650;150000;267,86;560;14;40;1;3;01-jan-yyyy;2,012;3;4;3368,15;194,18;2;659203,29;6826668,09;Centro;Rua_com._Miguel_Giaca;Prox._Ao_Bortoluzze_Cent;Locativa;34371112;ZC1-4;0,7;0,73;0,49;0,54;0,51;0,19
152;651;500000;1724,14;290;10;29;1;3;01-mai-yyyy;2,012;3;4;3368,15;194,18;2;659203,29;6826668,09;Centro;Rua_com._Miguel_Giaca;Prox._Ao_Bortoluzze_Cent;Duda_Im.;34687777;ZC1-4;0,7;0,73;0,49;0,54;0,51;0,19
153;653;500000;1724,14;290;12;24,17;2;1;01-jun-yyyy;2,012;3;4;2987,82;112,12;2;659105,25;6826602,64;centro;Rua_Conego_Miguel_Giaca;Prox_ao_Bortoluzzi;Duda_Im.;34687777;ZC1-4;0,68;0,72;0,47;0,52;0,49;0,11
154;657;450000;882,35;510;14;36,43;1;3;01-jan-yyyy;2,012;4;16;3637,57;387,89;2;659861,71;6826682,03;Centro;Rua_Felipe_Schimidt;NA;Pilar_Imóveis;34377000;ZC2 -16;0,81;0,74;0,66;0,54;0,6;0,39
155;664;1450000;2843,14;510;14;36,43;1;3;01-mai-yyyy;2,012;4;16;3549,63;170,09;2;659690,7;6826130,38;Centro;Rua_Henrique_Chenaud;NA;Pilar_Imóveis;34377000;ZC2 -16;0,78;0,63;0,61;0,39;0,49;0,17
156;667;507980;456;1114;12,5;89,12;1;3;#NULO!;2,015;4;16;2350,93;108,99;1;658752,23;6826526,88;Centro;Rua_Henrique_Lage;NA;Avalizan;3045-5598;ZC2-16;0,63;0,71;0,39;0,5;0,44;0,11
157;668;2,00E+06;2439,02;820;13;63,08;1;3;#NULO!;2,015;4;16;1734,69;31,81;1;658319,86;6826309,75;Centro;Rua_Henrique_Lage;NA;Panatto_Site;3437 0988;ZC2 -16;0,55;0,66;0,31;0,44;0,37;0,03
158;669;1200000;1333,33;900;18;50;1;3;01-mai-yyyy;2,012;4;16;2192,42;87,5;2;658557,72;6826422,24;Centro;Rua_Henrique_Lage;Em_Frente_ao_nosso_posto;Pilar_Imóveis;34377000;ZC2-16;0,59;0,68;0,35;0,47;0,41;0,09
159;675;2900000;2589,29;1120;30;37,33;1;1;01-jan-yyyy;2,012;4;16;3363,79;311,77;2;659094,85;6826805,47;Centro;Rua_João_Pessoa;NA;Pilar_Imóveis;34377000;ZC2-16;0,68;0,76;0,47;0,58;0,52;0,31
160;676;2700000;1846,79;1462;31,5;46,41;1;2;01-nov-yyyy;2,012;4;16;3375,41;258,54;2;659140,35;6826745,66;centro;Rua_João_Pessoa;NA;Pilar_Imóveis;34377000;ZC2 -16;0,69;0,75;0,48;0,56;0,52;0,26
161;677;1200000;2242,99;535;13;41,15;1;3;01-mai-yyyy;2,012;4;16;4712,03;449,95;2;659076,25;6826945,6;Centro;Rua_João_Pessoa;NA;Pillar_Imóveis;34377000;ZC2 -16;0,68;0,79;0,46;0,62;0,54;0,45
162;678;200000;332,61;601,31;19;31,65;2;1;01-jun-yyyy;2,012;3;4;4463,32;324,57;2;659227,61;6826796,22;Centro;Rua_João_Pessoa;Lote_07_Prox_a_Mecânica_;Duda_Im.;34687777;ZC1-4;0,7;0,76;0,5;0,58;0,53;0,32
163;682;150000;267,86;560;14;40;2;3;01-mai-yyyy;2,012;2;8;2138,6;474,3;2;658401,26;6826782,51;Centro;Rua_José_do_Patrocínio;NA;Locativa_Imóvei;34371112;ZR3 - 8;0,57;0,76;0,32;0,57;0,43;0,47
164;683;290000;258,93;1120;30;37,33;2;3;01-mai-yyyy;2,012;2;8;2311,5;600,62;2;658500,82;6826953,13;Centro;Rua_José_do_Patrocínio;Atrás_do_Eldorado;Pilar_Imóveis;34377000;ZR3 - 8;0,58;0,79;0,34;0,63;0,46;0,6
165;684;200000;350,57;570,5;14,6;39,08;2;3;01-jun-yyyy;2,012;2;8;2202,57;556,5;2;658408,9;6826868,76;centro;Rua_José_do_Patrocínio;Esq_Rua_Emilio_de_Meneze;Duda_Im.;34687777;ZR3 - 8;0,57;0,77;0,32;0,6;0,44;0,56
166;685;320000;285,71;1120;28;40;2;3;01-ago-yyyy;2,012;2;8;2138,6;474,3;2;658401,26;6826782,51;Centro;Rua_José_do_Patrocínio;Esq;Avalizan;3045-5598;ZR3 - 8;0,57;0,76;0,32;0,57;0,43;0,47
167;686;150000;267,86;560;14;40;2;3;01-mai-yyyy;2,012;2;8;1991,82;477,32;2;658339,65;6826771,3;Centro;Rua_José_do_Patrocínio;NA;Locativa_Imóvei;34371112;ZR3 - 8;0,56;0,75;0,31;0,57;0,42;0,48
168;687;200000;350,57;570,5;15;38,03;2;3;01-jun-yyyy;2,012;2;8;2269,06;562,05;2;658480,51;6826901,61;centro;Rua_José_do_Patrocínio;Esq_Rua_Emilio_de_Meneze;Duda_Im.;34687777;ZR3 - 8;0,58;0,78;0,34;0,61;0,45;0,56
169;688;290000;258,93;1120;30;37,33;2;3;01-mai-yyyy;2,012;2;8;2299,4;580,83;2;658528,26;6826943,8;Centro;Rua_José_do_Patrocínio;Atrás_do_Eldorado;Pilar_Imóveis;34377000;ZR3 - 8;0,59;0,79;0,35;0,62;0,46;0,58
170;689;320000;285,71;1120;30;37,33;2;3;01-jun-yyyy;2,012;2;8;2284,05;564,02;2;658504,36;6826914,58;Centro;Rua_José_do_Patrocínio;NA;Duda_Im.;34687777;ZR3 - 8;0,58;0,78;0,34;0,61;0,46;0,56
171;690;150000;267,86;560;14;40;2;3;01-mai-yyyy;2,012;2;8;2138,6;474,3;2;658401,26;6826782,51;Centro;Rua_José_do_Patrocínio;NA;Locativa;34371112;ZR3 - 8;0,57;0,76;0,32;0,57;0,43;0,47
172;691;320000;285,71;1120;30;37,33;2;1;01-jun-yyyy;2,012;2;8;2273,38;729,92;2;658752,03;6827191,63;Centro;Rua_José_do_Patrocínio;NA;Duda_Im.;34687777;ZR3 - 8;0,63;0,84;0,39;0,7;0,52;0,73
173;693;1100000;2444,44;450;15;30;1;3;01-jan-yyyy;2,012;4;16;6351,07;763,26;2;659607,57;6827159,55;Centro;Rua_Lauro_Muller;Atrás_da_Imobiliária_Pil;Locativa_Imóvei;34371112;ZC2 -16;0,77;0,83;0,59;0,69;0,64;0,76
174;694;1250000;4166,67;300;10;30;1;3;01-mai-yyyy;2,012;4;16;5833,35;420,84;2;659304,28;6826878,33;Centro;Rua_Lauro_Muller;Atrás_da_Imobiliária_Pil;Locativa_Imóvei;34371112;ZC2 -16;0,72;0,78;0,51;0,6;0,56;0,42
175;710;1,00E+06;1482,58;674,5;17;39,68;1;1;01-jun-yyyy;2,012;4;16;3556,57;80,19;2;660025,02;6826390,59;Centro;Rua_Sete_de_Setembro_Esq_co;02_terrenos._292.5_e_382;Duda_Im.;34687777;ZC2 -16;0,84;0,68;0,7;0,46;0,57;0,08
176;721;350000;777,78;450;15;30;1;2;01-fev-yyyy;2,013;1;2;2958,02;1146,23;1;659337,23;6825220,2;Comerciário;Rua_Desembargar_Pedro_Silva;NA;Pilar_Imóveis;34377000;ZR1 -2;0,72;0,44;0,52;0,2;0,32;1,15
177;722;130000;288,89;450;15;30;2;3;01-fev-yyyy;2,013;1;2;3354,6;718,47;1;659986,63;6825546,16;Comerciário;Rua_General_Lauro_Sodre_esq;NA;Pilar_Imóveis;34377000;ZR1 -2;0,83;0,51;0,69;0,26;0,42;0,72
178;723;220000;480,87;457,5;15;30,5;1;2;01-fev-yyyy;2,013;1;2;3269,67;644,87;1;659706,33;6825633,37;Comerciário;Rua_João_Milioli_esq._Marec;NA;Pilar_Imóveis;34377000;ZR1 -2;0,78;0,53;0,62;0,28;0,41;0,64
179;724;150000;323,97;463;15;30,87;2;1;01-fev-yyyy;2,013;1;2;2703,83;1047,43;1;659840;6825214,2;Comerciário;Rua_Augusta_Dal_Pont;NA;Pilar_Imóveis;34377000;ZR1 -2;0,81;0,44;0,65;0,2;0,36;1,05
180;725;130000;288,89;450;15;30;2;1;01-fev-yyyy;2,013;1;2;3478,74;671,29;1;659996,46;6825594,72;Comerciário;Rua_Vidal_de_Negreiros;NA;Pilar_Imóveis;34377000;ZR1 -2;0,83;0,52;0,69;0,27;0,43;0,67
181;726;180000;400;450;15;30;1;3;01-ago-yyyy;2,012;1;2;2699,38;1063,95;2;659709,44;6825209,69;Comerciário;Rua_Augusta_Dal_Pont;Lot._Dal_Pont;Locativa_Site;34371112;ZR1 -2;0,78;0,44;0,62;0,2;0,35;1,06
182;727;200000;510,2;392;14;28;1;1;01-ago-yyyy;2,012;1;2;2759,13;1011,99;2;659850,06;6825249,38;Comerciário;Rua_Augusta_Dal_Pont;NA;Fanfa;99645157;ZR1 -2;0,81;0,45;0,65;0,2;0,36;1,01
183;728;280000;622,22;450;15;30;2;2;01-ago-yyyy;2,012;1;2;3335,94;579,17;2;659737,52;6825695,03;Comerciário;Rua_Marechal_Rondon_esq_Joã;NA;Imovest;99932036;ZR1 -2;0,79;0,54;0,62;0,29;0,43;0,58
184;729;180000;400;450;15;30;2;1;01-ago-yyyy;2,012;1;2;2650,94;1084,12;2;659799,49;6825179,54;Comerciário;Rua_Otávio_Dal_Pont_esq_com;NA;Proprietario;99113199;ZR1 -2;0,8;0,44;0,64;0,19;0,35;1,08
185;730;170000;377,78;450;15;30;2;1;01-ago-yyyy;2,012;1;2;2791,34;1004,96;2;659808,63;6825258,26;Comerciário;Rua_Otávio_Dal_Pont_esq_com;NA;Portifólio;34427890;ZR1 -2;0,8;0,45;0,64;0,2;0,36;1
186;731;165000;589,29;280;14;20;1;3;01-ago-yyyy;2,012;1;2;3751,5;484,4;2;660069,27;6825794,67;Comerciário;Rua_Pedro_Rodrigues_Lopes;Esq_com_Agricola_Indio_g;Paulão;99941636;ZR1 -2;0,84;0,56;0,71;0,31;0,47;0,48
187;732;225000;500;450;15;30;2;3;01-ago-yyyy;2,012;1;2;3340,47;584,31;2;659740,24;6825689,47;Comerciário;Rua_Riachuelo;NA;Paulão;99941636;ZR1 -2;0,79;0,54;0,62;0,29;0,42;0,58
188;733;150000;333,33;450;15;30;2;1;01-ago-yyyy;2,012;1;2;2827,97;974,37;2;659847,79;6825287,07;Comerciário;Rua_Vereador_Cyro_bacha;NA;Proprietario;99796587;ZR1 -2;0,81;0,46;0,65;0,21;0,37;0,97
189;734;180000;400;450;15;30;2;1;01-ago-yyyy;2,012;1;2;2904,97;933,7;2;659847,79;6825327,76;Comerciário;Rua_Vereador_Cyro_bacha;NA;Proprietario;99000903;ZR1 -2;0,81;0,47;0,65;0,22;0,38;0,93
190;735;900000;900;1000;20;50;1;2;01-jun-yyyy;2,012;3;4;3171,06;999,75;2;659406,83;6825350,79;Comerciário;Desembargador_pedro_silva_e;1000m2_com_2_casas_3_e_4;Duda_Im.;34687777;ZM2-4;0,73;0,47;0,54;0,22;0,35;1
191;736;120000;224,3;535;13;41,15;1;3;01-jun-yyyy;2,012;3;4;2881,47;1146,56;2;659393,1;6825199,67;Comerciário;Rua_Augusta_Dal_Pont;ao_lado_do_Pira;Pillar_Imóveis;34377000;ZM2-4;0,73;0,44;0,54;0,19;0,32;1,15
192;737;160000;344,09;465;15;31;1;3;01-jun-yyyy;2,012;1;2;2719,07;1069,13;2;659648,88;6825212,86;Comerciário;Rua_Augusta_Dal_Pont;Lot_Jd_Dal_Ponto_Lot_1_Q;Duda_Im.;34687777;ZR1 -2;0,77;0,44;0,6;0,2;0,34;1,07
193;738;250000;555,56;450;15;30;1;3;01-jun-yyyy;2,012;1;2;2707,78;1054,95;2;659755,19;6825212,86;Comerciário;Rua_Augusta_Dal_Pont;NA;Fanfa;99645157;ZR1 -2;0,79;0,44;0,63;0,2;0,35;1,05
194;739;250000;555,56;450;15;30;1;2;01-jun-yyyy;2,012;1;2;2707,78;1054,95;2;659755,19;6825212,86;Comerciário;Rua_Augusta_Dal_Pont;NA;Fanfa;99645157;ZR1 -2;0,79;0,44;0,63;0,2;0,35;1,05
195;740;250000;555,56;450;15;30;1;2;01-jun-yyyy;2,012;1;2;2707,78;1054,95;2;659755,19;6825212,86;Comerciário;Rua_Augusta_Dal_Pont;NA;Fanfa;99645157;ZR1 -2;0,79;0,44;0,63;0,2;0,35;1,05
196;741;600000;444,44;1350;45,5;29,67;2;3;01-mai-yyyy;2,012;1;2;2839,83;1034,6;2;659593,26;6825258,5;Comerciário;Rua_Augusta_Dal_Pont;ao_lado_do_Pira;Bemorar;34318900;ZR1 -2;0,77;0,45;0,59;0,2;0,35;1,03
197;742;600000;444,44;1350;45,5;29,67;1;3;01-mai-yyyy;2,012;1;2;2839,83;1034,6;2;659593,26;6825258,5;Comerciário;Rua_Augusta_Dal_Pont;ao_lado_do_Pira;Bemorar;34318900;ZR1 -2;0,77;0,45;0,59;0,2;0,35;1,03
198;743;230000;511,11;450;15;30;2;3;01-mai-yyyy;2,012;1;2;3081,4;630,83;2;659547,13;6825692,37;Comerciário;Rua_João_Milioli;NA;Imovest;99932036;ZR1 -2;0,76;0,54;0,57;0,29;0,41;0,63
199;744;160000;345,2;463,5;15;30,9;2;3;01-jun-yyyy;2,012;1;2;2639,63;1154,55;2;659593,22;6825135,99;Comerciário;Rua_Amauri_Dal_Pont_Lot_4_Q;Prox_ao_Colégio_Joaquim_;Duda_Im.;34687777;ZR1 -2;0,77;0,43;0,59;0,18;0,33;1,15
200;745;110000;244,44;450;15;30;2;2;01-mai-yyyy;2,012;1;2;3568,66;626,13;2;660044,61;6825646,76;Comerciário;Rua_Vidal_de_Negreiros;Morro_Céu;Locativa;34371112;ZR1 -2;0,84;0,53;0,71;0,28;0,45;0,63
201;746;120000;266,67;450;15;30;2;3;01-mar-yyyy;2,012;1;2;2695,95;1052,99;2;659838,07;6825208,71;Comerciário;Rua_Augusta_Dal_Pont;Lot._Maria_Dal_Pont;Proprietario;8806-7403;ZR1 -2;0,81;0,44;0,65;0,2;0,36;1,05
202;747;220000;523,81;420;15;28;2;2;01-jan-yyyy;2,012;1;2;3791,5;582,79;2;659999,58;6825684,39;Comerciário;Rua_Vidal_de_Negreiros;Morro_Céu;Loacativa;34371112;ZR1 -2;0,83;0,54;0,69;0,29;0,45;0,58
203;748;150000;323,62;463,5;15;30,9;2;1;01-jan-yyyy;2,011;1;2;2929,81;564,44;3;659466,48;6825793,22;Comerciário;Rua_Agrícola_Indio_Guimarãe;NA;Pilar_Imoveis;34377000;ZR1 -2;0,74;0,56;0,55;0,31;0,42;0,56
204;764;50000;109,34;457,27;15;30,48;2;3;01-ago-yyyy;2,012;1;4;1559,3;1495,49;2;658511,66;6824469,6;FÁBIO_SILVA;Rua_Domingos_Netto;Lot._Jatobá;Góes_Imóveis;3045-3344;ZR2 - 4;0,59;0,29;0,34;0,09;0,17;1,5
205;768;65000;154,76;420;14;30;2;3;01-ago-yyyy;2,012;1;4;1203,57;1714,47;2;658477,38;6824103,82;FÁBIO_SILVA;Rua_Zelio_Paulo_Galli;Esq_com_epitácio_pessoa;Nazaré;99171041;ZR2 - 4;0,58;0,22;0,34;0,05;0,13;1,71
206;799;120000;285,71;420;14;30;1;3;01-set-yyyy;2,012;1;2;4944,43;1136,99;2;659070,52;6827632,99;LOTE_SEIS_;R_Inácio_Tomé_Pereira;NA;Dados;84143662;ZR1 - 2;0,68;0,93;0,46;0,86;0,63;1,14
207;800;120000;285,71;420;14;30;2;2;01-set-yyyy;2,012;1;2;7112,17;962,36;2;659180,21;6827450,45;LOTE_SEIS_;Rua_das_Palmeiras;NA;Dados;84143662;ZR1 - 2;0,7;0,89;0,49;0,79;0,62;0,96
208;801;105000;269,23;390;15;26;2;2;01-fev-yyyy;2,013;1;2;1942,88;1464,29;1;658590,03;6827908,22;LOTE_SEIS_;Rua_Noel_Rosa;NA;Góes_Imóveis;3045-3344;ZR1 - 2;0,6;0,98;0,36;0,96;0,59;1,46
209;802;110000;244,44;450;15;30;2;2;01-fev-yyyy;2,013;1;2;1826,9;1501,54;1;658451,67;6827907,16;LOTE_SEIS_;Rua_Aristides_Bolan_esq_Sil;NA;Viva;3045-5390;ZR1 - 2;0,58;0,98;0,33;0,96;0,56;1,5
210;803;120000;301,89;397,5;15;26,5;2;1;01-fev-yyyy;2,013;1;2;3972,7;1091,04;1;658941,92;6827585,21;LOTE_SEIS_;Rua_Eng._Fiuza_da_Rocha;2_frentes_Rua_Noel_Rosa;Manoel_Marques;9669-2494;ZR1 - 2;0,66;0,92;0,43;0,84;0,6;1,09
211;804;170000;435,9;390;15;26;2;1;01-fev-yyyy;2,013;1;2;3711,41;1050,4;1;658900,29;6827541,3;LOTE_SEIS_;Rua_Eng._Fiuza_da_Rocha_esq;NA;Anderson_Machad;9954-7899;ZR1 - 2;0,65;0,91;0,42;0,82;0,59;1,05
212;805;385243,25;493,9;780;30;26;2;3;01-fev-yyyy;2,013;1;2;4088,16;1221,26;1;659032,62;6827717,25;LOTE_SEIS_;Rua_Otavio_Manoel_de_Souza;NA;Seletto;3045-7836;ZR1 - 2;0,67;0,94;0,45;0,89;0,63;1,22
213;806;200000;544,22;367,5;15;24,5;2;2;01-fev-yyyy;2,013;1;2;4443,91;1077,23;1;658988,04;6827572,97;LOTE_SEIS_;Rua_Inácio_Tomé_Pereira;NA;Pilar;3437-7000;ZR1 - 2;0,66;0,91;0,44;0,84;0,61;1,08
214;807;150000;357,14;420;14;30;2;1;01-fev-yyyy;2,013;1;2;4743,63;1064,81;1;659013,18;6827560,7;LOTE_SEIS_;Rua_Inácio_Tomé_Pereira;NA;Proprietário;3433-2258;ZR1 - 2;0,67;0,91;0,45;0,83;0,61;1,06
215;808;220000;467,09;471;12;39,25;1;2;01-jun-yyyy;2,012;1;2;3258,23;1103,7;2;658906,6;6825263,38;Michel;Rua_Duarte_da_Costa;NA;Locativa_Imóvie;34371112;ZR1 - 2;0,65;0,45;0,42;0,2;0,29;1,1
216;809;200000;424,63;471;16;29,44;1;3;01-jun-yyyy;2,012;1;2;3258,23;1103,7;2;658906,6;6825263,38;Michel;Rua_Duarte_da_Costa;NA;Duda_Im.;34687777;ZR1 - 2;0,65;0,45;0,42;0,2;0,29;1,1
217;810;200000;424,63;471;12;39,25;1;3;01-jun-yyyy;2,012;1;2;3258,23;1103,7;2;658906,6;6825263,38;Michel;Rua_Duarte_da_Costa;NA;Duda_Im.;34687777;ZR1 - 2;0,65;0,45;0,42;0,2;0,29;1,1
218;811;220000;467,09;471;12;39,25;1;3;01-jun-yyyy;2,012;1;2;2923,73;1199,82;2;659283,34;6825182,81;Michel;Rua_Duarte_da_Costa;NA;Locativa_Imóvie;34371112;ZR1 - 2;0,71;0,44;0,51;0,19;0,31;1,2
219;812;220000;467,09;471;12;39,25;1;2;01-jun-yyyy;2,012;1;2;2923,73;1199,82;2;659283,34;6825182,81;Michel;Rua_Duarte_da_Costa;NA;Locativa_Imóvie;34371112;ZR1 - 2;0,71;0,44;0,51;0,19;0,31;1,2
220;813;200000;424,63;471;12,5;37,68;1;3;01-jun-yyyy;2,012;1;2;3258,23;1103,7;2;658906,6;6825263,38;Michel;Rua_Duarte_da_Costa;NA;Duda_Im.;34687777;ZR1 - 2;0,65;0,45;0,42;0,2;0,29;1,1
221;814;215000;581,08;370;12,5;29,6;1;3;01-jun-yyyy;2,012;1;2;3124,13;931,58;2;658622,51;6825372,31;Michel;Rua_Senador_Paulo_Sarazate;NA;Duda_Im.;34687777;ZR1 - 2;0,6;0,47;0,36;0,23;0,29;0,93
222;815;220000;523,81;420;15;28;1;1;01-mai-yyyy;2,012;1;2;3045,96;1117;2;658754,31;6825211,49;Michel;Rua_Duarte_da_Costa;NA;Locativa_Imóvie;34371112;ZR1 - 2;0,63;0,44;0,39;0,2;0,28;1,12
223;816;220000;523,81;420;15;28;1;3;01-mai-yyyy;2,012;1;2;3045,96;1117;2;658754,31;6825211,49;Michel;Rua_Duarte_da_Costa;NA;Locativa_Imóvie;34371112;ZR1 - 2;0,63;0,44;0,39;0,2;0,28;1,12
224;817;220000;523,81;420;15;28;1;3;01-mai-yyyy;2,012;1;2;2937,69;1214,27;2;659252,01;6825179,4;Michel;Rua_Duarte_da_Costa;NA;Locativa_Imóvie;34371112;ZR1 - 2;0,71;0,44;0,5;0,19;0,31;1,21
225;818;220000;523,81;420;15;28;1;3;01-mai-yyyy;2,012;1;2;3045,96;1117;2;658754,31;6825211,49;Michel;Rua_Duarte_da_Costa;NA;Locativa_Imóvie;34371112;ZR1 - 2;0,63;0,44;0,39;0,2;0,28;1,12
226;819;207000;445,16;465;15;31;1;3;01-jan-yyyy;2,012;1;2;2969,22;1159,89;2;659310,19;6825215,47;Michel;Rua_Duarte_da_Costa;NA;Goes_Imóveis;3045-3344;ZR1 - 2;0,72;0,44;0,52;0,2;0,32;1,16
227;820;129862,28;377,78;343,75;12,05;28,53;2;1;01-nov-yyyy;2,012;1;2;1247,61;1101,9;2;657626,08;6824112,79;Milanese;Rua_Anita_Spilere_Benedet_;NA;Dados;96501478;ZR1 - 2;0,44;0,22;0,19;0,05;0,1;1,1
228;821;55000;130,95;420;14;30;2;3;01-ago-yyyy;2,012;1;2;1414,63;507,56;2;657406,17;6824736,39;Milanese;Rua_Felix_de_Lucca;NA;Locativa_Imóvie;34371112;ZR1 - 2;0,4;0,35;0,16;0,12;0,14;0,51
229;822;70000;155,56;450;15;30;2;2;01-ago-yyyy;2,012;1;2;1198,72;1160,85;2;657826,05;6824231,73;Milanese;Rua_Francisco_Milanez;NA;Magagnin;35245890;ZR1 - 2;0,47;0,25;0,22;0,06;0,12;1,16
230;824;70000;179,49;390;26;15;2;3;01-ago-yyyy;2,012;1;2;1269,92;944,2;2;657715,4;6824428,1;Milanese;Rua_Albina_Milanez;NA;Multimoveis;34379363;ZR1 - 2;0,45;0,29;0,2;0,08;0,13;0,94
231;825;110000;244,44;450;15;30;1;3;01-ago-yyyy;2,012;1;4;1634,63;1168,41;2;658243,35;6824657,57;Milanese;Rua_Porto_União;NA;Crilar;99824242;ZR2-4;0,54;0,33;0,29;0,11;0,18;1,17
232;826;77400;149,91;516,3;15,5;33,31;2;3;01-jun-yyyy;2,012;1;2;1326,48;833,5;2;657672,9;6824542,69;Milanese;Rua_Santos_Milanez_Lote_91;NA;Duda_Im.;34687777;ZR1 - 2;0,45;0,31;0,2;0,1;0,14;0,83
233;827;41500;106,41;390;15;26;2;3;01-mar-yyyy;2,012;1;2;1234,95;1106,94;2;657911,02;6824394,76;Milanese;Rua_SD_592_067;Lote_132;Avalizan;3045-5598;ZR1 - 2;0,49;0,28;0,24;0,08;0,14;1,11
234;828;45000;125;360;12;30;2;3;01-ago-yyyy;2,012;1;2;1398,47;509,16;2;657359,65;6824686,89;Milanese;Rua_Thadeu_Silvestre;NA;Império;34373322;ZR1 - 2;0,39;0,34;0,15;0,11;0,13;0,51
235;829;90000;100;900;40;22,5;1;1;01-ago-yyyy;2,012;1;2;1456,17;377,26;2;658208,97;6826645,75;Operaria_no;Rua_Alvaro_Catão;NA;Milenium;99742626;ZR1 - 2;0,53;0,73;0,29;0,53;0,39;0,38
236;831;450000;549,45;819;21;39;1;1;01-jun-yyyy;2,012;3;4;1758,79;660,09;2;658124,8;6826927,3;Operária_No;Rua_Alvaro_Catão;Prox_ao_PG_Tratores;Duda_Im.;34687777;ZM2-4;0,52;0,79;0,27;0,62;0,41;0,66
237;832;30190,84;96,61;312,5;12,5;25;2;2;01-dez-yyyy;2,011;1;2;1587,23;936,85;3;657655,92;6827144,6;Operária_No;Rua_João_Pinheiro_Alves;Lote_29;Avalizan;3045-5598;ZR1 - 2;0,44;0,83;0,2;0,69;0,37;0,94
238;833;35328,38;98,13;360;14,4;25;2;2;01-mai-yyyy;2,011;1;2;1351,19;274,03;3;657899,8;6826523,59;Operária_No;Rua_José_Scotti;NA;Avalizan;3045-5598;ZR1 - 2;0,48;0,7;0,23;0,5;0,34;0,27
239;834;94783;210,63;450;15;30;2;2;01-mar-yyyy;2,012;1;2;1698,16;215,4;2;657562,79;6826273,28;Operária_No;Rua_Sebastião_Pieri;Lote_101;Avalizan;3045-5598;ZR1 - 2;0,43;0,65;0,18;0,43;0,28;0,22
240;835;350000;448,72;780;30;26;2;2;#NULO!;2,015;3;4;1533,36;1107,72;1;657102,5;6827043,41;Operária_No;Av_Luiz_Lazzarin;esq;Cosseval;3437-2788;ZM2-4;0,35;0,81;0,12;0,65;0,28;1,11
241;836;50000;165,02;303;20;15,15;2;2;#NULO!;2,015;1;2;1542,43;1084,3;1;657118,38;6827026,03;Operária_No;Rua_Anitapolis;NA;Corretor;9647-0908;ZR1 - 2;0,35;0,81;0,12;0,65;0,28;1,08
242;837;350000;448,72;780;30;26;2;2;#NULO!;2,015;1;2;1586;965,33;1;657199,49;6826938,05;Operária_No;Rua_Anitapolis;NA;Cosseval;3437-2788;ZR1 - 2;0,37;0,79;0,13;0,62;0,29;0,97
243;838;160000;266,67;600;15;40;2;1;#NULO!;2,015;1;2;1415,18;372,28;1;658194,91;6826639,93;Operária_No;Rua_Gaspar;NA;Imob._Millenium;9974-2626;ZR1 - 2;0,53;0,73;0,28;0,53;0,39;0,37
244;839;200000;470,59;425;25;17;2;3;#NULO!;2,015;1;2;1469,11;78,7;1;657938,24;6826332,08;Operária_No;Rua_José_Scotti;NA;Colombo;9904-1588;ZR1 - 2;0,49;0,67;0,24;0,44;0,33;0,08
245;840;150000;333,33;450;15;30;1;3;#NULO!;2,015;1;2;1434,27;71,02;1;658112,55;6826338,3;Operária_No;Rua__Frederico_Minatto;NA;Proprietário;9943-0658;ZR1 - 2;0,52;0,67;0,27;0,45;0,35;0,07
246;842;100000;277,78;360;15;24;2;3;01-nov-yyyy;2,012;1;2;1135;527,55;2;656139,29;6824964,74;PINHEIRINHO;Rua_Imigrante_Venson;NA;Pilar_Imoveis;34377000;ZR1 - 2;0,19;0,39;0,04;0,15;0,07;0,53
247;843;60000;172,41;348;12;29;1;3;01-nov-yyyy;2,012;1;2;1015,99;698,08;2;656105,26;6825170,76;PINHEIRINHO;Rua_Imigrante_Zanete;NA;Pilar_Imoveis;34377000;ZR1 - 2;0,18;0,43;0,03;0,19;0,08;0,7
248;844;80000;222,22;360;12;30;2;3;01-set-yyyy;2,012;1;2;1357,91;548,77;2;656489,51;6825341,55;PINHEIRINHO;Rua_Almerindo_de_Bitencourt;NA;Crilar;99824242;ZR1 - 2;0,25;0,47;0,06;0,22;0,12;0,55
249;845;60000;133,33;450;15;30;2;3;01-set-yyyy;2,012;1;2;1358,56;544,32;2;656492,22;6825337,94;PINHEIRINHO;Rua_Almerindo_de_Bitencourt;NA;Dados;9952-9900;ZR1 - 2;0,25;0,47;0,06;0,22;0,12;0,54
250;846;60000;133,33;450;15;30;2;3;01-set-yyyy;2,012;1;2;1534,59;572,45;2;656588,67;6825476;PINHEIRINHO;Rua_Artur_Frederico_de_Andr;NA;Dados;3438-3116;ZR1 - 2;0,26;0,5;0,07;0,25;0,13;0,57
251;847;55000;171,88;320;12;26,67;2;3;01-set-yyyy;2,012;1;2;1257,41;673,46;2;656367,33;6825394,73;PINHEIRINHO;Rua_Carlos_Scavone;NA;Goes_Imóveis;3045-3344;ZR1 - 2;0,23;0,48;0,05;0,23;0,11;0,67
252;848;63000;140;450;15;30;2;2;01-set-yyyy;2,012;1;2;1564,29;931,23;2;657197,23;6823904,79;PINHEIRINHO;Rua_Giacomo_Thomé;NA;Dados;99782503;ZR1 - 2;0,37;0,18;0,13;0,03;0,07;0,93
253;849;98000;269,23;364;12,5;29,12;2;3;01-set-yyyy;2,012;1;2;1268,58;256,02;2;656583,62;6825018,33;PINHEIRINHO;Rua_Imigrante_Benedet;NA;Zanetta;9145 5110;ZR1 - 2;0,26;0,4;0,07;0,16;0,11;0,26
254;850;45000;129,31;348;12;29;2;3;01-set-yyyy;2,012;1;2;1138,18;388,77;2;656373,79;6825000,62;PINHEIRINHO;Rua_Imigrante_Zanette;NA;Coseval;3437 - 2788;ZR1 - 2;0,23;0,4;0,05;0,16;0,09;0,39
255;851;55000;122,22;450;15;30;2;3;01-set-yyyy;2,012;1;2;1060,35;681,11;2;656179,81;6825219,65;PINHEIRINHO;Rua_Imigrante_Zanette;NA;Pilar_Imoveis;34377000;ZR1 - 2;0,2;0,44;0,04;0,2;0,09;0,68
256;852;57000;146,15;390;13;30;2;3;01-set-yyyy;2,012;1;2;1225,23;794,33;2;656317,79;6825517,2;PINHEIRINHO;Rua_Silvino_Rovaris;NA;Dados;9107-1801;ZR1 - 2;0,22;0,5;0,05;0,25;0,11;0,79
257;853;125000;347,22;360;12;30;1;1;01-ago-yyyy;2,012;1;2;1854,99;739,64;2;656852,17;6823838,71;PINHEIRINHO;Rua_Arthur_Eugenio_da_Silve;NA;Fanfa;99645157;ZR1 - 2;0,31;0,17;0,1;0,03;0,05;0,74
258;854;137000;304,44;450;15;30;2;3;01-ago-yyyy;2,012;1;2;2028,62;579,49;2;656740,44;6823957,05;PINHEIRINHO;Rua_Arthur_Eugenio_da_Silve;NA;Dados;91190367;ZR1 - 2;0,29;0,19;0,08;0,04;0,06;0,58
259;855;165000;323,53;510;17;30;1;3;01-ago-yyyy;2,012;1;2;2060,28;533,59;2;656719,18;6823997,88;PINHEIRINHO;Rua_Arthur_Eugenio_da_Silve;NA;Dados;99299556;ZR1 - 2;0,29;0,2;0,08;0,04;0,06;0,53
260;856;123100;287,73;427,83;14,26;30;1;2;01-ago-yyyy;2,012;1;2;2422,2;994,11;2;658338,81;6825232,29;PINHEIRINHO;Rua_Duarte_da_Costa_;esq_com_Washington_Luiz;Nazaré;99171041;ZR1 - 2;0,56;0,45;0,31;0,2;0,25;0,99
261;857;145000;322,22;450;15;30;1;1;01-ago-yyyy;2,012;1;2;1865,01;503,04;2;656848,14;6824156,59;PINHEIRINHO;Rua_Imigrante_de_Lucca;NA;Ricardo_Martinh;99845888;ZR1 - 2;0,31;0,23;0,09;0,05;0,07;0,5
262;858;145000;322,22;450;15;30;1;1;01-ago-yyyy;2,012;1;2;1855,91;475,56;2;656827,01;6824174,19;PINHEIRINHO;Rua_Imigrante_de_Lucca;NA;Predial;99780378;ZR1 - 2;0,3;0,23;0,09;0,06;0,07;0,48
263;859;115000;273,81;420;14;30;1;1;01-ago-yyyy;2,012;1;2;1884,72;444,88;2;656784,3;6824172,43;PINHEIRINHO;Rua_Imigrante_de_Lucca;NA;Santa_Clara;99783563;ZR1 - 2;0,3;0,23;0,09;0,05;0,07;0,44
264;860;105000;250;420;14;30;1;1;01-ago-yyyy;2,012;1;2;1912,95;474,65;2;656804,55;6824150,43;PINHEIRINHO;Rua_Imigrante_de_Lucca;NA;Dados;96160375;ZR1 - 2;0,3;0,23;0,09;0,05;0,07;0,47
265;861;115000;255,56;450;15;30;2;1;01-ago-yyyy;2,012;1;2;1874,64;566,82;2;656890,41;6824108,18;PINHEIRINHO;Rua_Imigrante_de_Lucca;Esq;Dados;99880880;ZR1 - 2;0,32;0,22;0,1;0,05;0,07;0,57
266;862;110000;305,56;360;12;30;2;1;01-ago-yyyy;2,012;1;2;1863,94;602,44;2;656914,19;6824081,33;PINHEIRINHO;Rua_Imigrante_de_Lucca;NA;Dados;99880880;ZR1 - 2;0,32;0,22;0,1;0,05;0,07;0,6
267;863;140000;311,11;450;15;30;2;1;01-ago-yyyy;2,012;1;2;1848,26;630,34;2;656933,12;6824060,65;PINHEIRINHO;Rua_Imigrante_de_Lucca;NA;Dados;96613728;ZR1 - 2;0,32;0,21;0,1;0,04;0,07;0,63
268;864;150000;333,33;450;15;30;2;1;01-ago-yyyy;2,012;1;2;2401,53;1013,05;2;658348,23;6825194,5;PINHEIRINHO;Rua_Mem_de_Sá;NA;Proprietario;99933832;ZR1 - 2;0,56;0,44;0,31;0,19;0,24;1,01
269;865;140000;358,97;390;13;30;1;2;01-ago-yyyy;2,012;1;2;2539,74;1069,71;2;658410,61;6825189,71;PINHEIRINHO;Rua_Mem_de_Sá;NA;Proprietario;99645181;ZR1 - 2;0,57;0,44;0,32;0,19;0,25;1,07
270;866;100000;238,1;420;14;30;1;3;01-ago-yyyy;2,012;1;2;2101,28;549,35;2;656779,59;6824021,56;PINHEIRINHO;Rua_Otavio_Ghedin;NA;Multimoveis;34379363;ZR1 - 2;0,3;0,2;0,09;0,04;0,06;0,55
271;867;105000;233,33;450;15;30;1;3;01-ago-yyyy;2,012;1;2;2131,04;513,97;2;656752,08;6824044,9;PINHEIRINHO;Rua_Otavio_Ghedin;NA;Reginaldo;96138060;ZR1 - 2;0,29;0,21;0,09;0,04;0,06;0,51
272;868;120000;235,29;510;17;30;1;3;01-ago-yyyy;2,012;1;2;2075,05;486,06;2;656731,23;6824064,07;PINHEIRINHO;Rua_Otavio_Ghedin;NA;João;99941682;ZR1 - 2;0,29;0,21;0,08;0,05;0,06;0,49
273;869;137000;326,19;420;14;30;1;3;01-ago-yyyy;2,012;1;2;1983,89;560,35;2;656844,36;6824066,6;PINHEIRINHO;Rua_Piçarras;NA;Nazaré;99171041;ZR1 - 2;0,31;0,21;0,09;0,05;0,07;0,56
274;870;95000;226,19;420;14;30;1;3;01-ago-yyyy;2,012;1;2;1977,67;596,06;2;656857,78;6824029,1;PINHEIRINHO;Rua_Verginio_Dorigon;NA;Ricardo_Martinh;99845888;ZR1 - 2;0,31;0,21;0,1;0,04;0,06;0,6
275;871;135000;300;450;15;30;1;1;01-ago-yyyy;2,012;1;2;2015,58;508,94;2;656799,8;6824094,38;PINHEIRINHO;Rua_Verginio_Dorigon;NA;Ricardo_Martinh;99845888;ZR1 - 2;0,3;0,22;0,09;0,05;0,07;0,51
276;872;120000;307,69;390;13;30;1;1;01-ago-yyyy;2,012;1;2;1976,31;472,78;2;656778,48;6824124,36;PINHEIRINHO;Rua_Verginio_Dorigon;NA;Avalizan;3045-5598;ZR1 - 2;0,3;0,22;0,09;0,05;0,07;0,47
277;873;135000;321,43;420;14;30;1;3;01-ago-yyyy;2,012;1;2;2101,28;549,35;2;656779,59;6824021,56;PINHEIRINHO;Rua_Verginio_Dorigon;NA;Imovest;99834700;ZR1 - 2;0,3;0,2;0,09;0,04;0,06;0,55
278;874;150000;333,33;450;15;30;2;3;01-ago-yyyy;2,012;1;2;2131,05;513,97;2;656752,08;6824044,9;PINHEIRINHO;Rua_Verginio_Dorigon;NA;Multimoveis;99849937;ZR1 - 2;0,29;0,21;0,09;0,04;0,06;0,51
279;875;157000;348,89;450;15;30;1;3;01-ago-yyyy;2,012;1;2;2075,05;486,05;2;656731,23;6824064,07;PINHEIRINHO;Rua_Verginio_Dorigon;NA;Dados;88347054;ZR1 - 2;0,29;0,21;0,08;0,05;0,06;0,49
280;876;200000;476,19;420;14;30;1;3;01-ago-yyyy;2,012;1;2;1508,62;189,99;2;656249,88;6824288,62;PINHEIRINHO;SD_140-089;NA;Proprietario;99580491;ZR1 - 2;0,21;0,26;0,04;0,07;0,05;0,19
281;877;210000;466,67;450;15;30;1;3;01-ago-yyyy;2,012;1;2;1508,62;189,99;2;656249,88;6824288,62;PINHEIRINHO;SD_140-089;NA;Helso;99880880;ZR1 - 2;0,21;0,26;0,04;0,07;0,05;0,19
282;878;160000;206,63;774,34;16;48,4;2;3;01-jun-yyyy;2,012;1;2;1492,15;477,72;2;657008,4;6824376,05;PINHEIRINHO;Rua_Baln._Camboriu;Lote_09_e_10_Qd_14_prox_;Duda_Im.;34687777;ZR1 - 2;0,33;0,28;0,11;0,08;0,09;0,48
283;880;700000;1000;700;20;35;1;3;01-jun-yyyy;2,012;1;2;1492,38;34,76;2;657029,84;6825028,09;PINHEIRINHO;Rua_Conego_Anibal_Maria_de_;Prox_ao_Posto_Pinheirão;Duda_Im.;34687777;ZR1 - 2;0,34;0,41;0,11;0,16;0,14;0,03
284;882;300000;600;500;16;31,25;2;3;01-jun-yyyy;2,012;1;2;1474,84;312,97;2;657285,74;6824891,41;PINHEIRINHO;Rua_Martinho_Lutero_;Lote_82_Qd_11_Lot_Aeropo;Duda_Im.;34687777;ZR1 - 2;0,38;0,38;0,15;0,14;0,14;0,31
285;884;78124,74;189,05;413,25;14,5;28,5;2;3;01-abr-yyyy;2,011;1;2;1601,09;376,83;3;656844,19;6824345,82;PINHEIRINHO;Rua_Baln._Camboriu;Lot._Kuka;Avalizan;3045-5598;ZR1 - 2;0,31;0,27;0,09;0,07;0,08;0,38
286;885;55000;173,91;316,25;12;26,35;2;3;01-jun-yyyy;2,012;1;2;1178,66;797,32;2;656279,35;6825481,92;PINHEIRINHO;Rua_Carlos_Scavone;Prox_a_Igreja_O_Brasil_p;Duda_Im.;34687777;ZR1 - 2;0,21;0,5;0,05;0,25;0,11;0,8
287;886;817652,15;564,61;1448,16;20;72,41;1;3;01-jun-yyyy;2,012;1;2;1292,71;28,1;2;656665,99;6824781,15;PINHEIRINHO;Avenida_Centenario;Alianda_Comercio_de_Piso;Avalizan;3045-5598;ZR1 - 2;0,28;0,36;0,08;0,13;0,1;0,03
288;898;150000;333,33;450;15;30;1;3;01-fev-yyyy;2,013;3;8;1599,04;381,12;1;657688,76;6825242,09;Santa_Bárba;Rua_Visconde_de_Cairu_esq._;Prox_ao_Fórum;Duda_Im.;34687777;ZM2 -8;0,45;0,45;0,2;0,2;0,2;0,38
289;899;165000;471,43;350;12,5;28;1;3;01-ago-yyyy;2,012;3;8;2263,71;734,11;2;658221,09;6825516,8;SANTA_BÁRBA;Av_Victor_Meireles;NA;Paulão;99941636;ZM2 -8;0,54;0,5;0,29;0,25;0,27;0,73
290;900;155000;344,44;450;15;30;2;3;01-ago-yyyy;2,012;3;8;1779,88;487,86;2;657849,35;6825361,58;Santa_Bárba;Rua_Afranio_Peixoto;NA;Proprietário;34783695;ZM2 -8;0,47;0,47;0,23;0,22;0,22;0,49
291;901;140000;333,33;420;14;30;2;3;01-ago-yyyy;2,012;3;8;1848,42;416,45;2;657800,84;6825567,63;Santa_Bárba;Rua_Aluísio_de_Azevedo;NA;Duda_Imóveis;34687777;ZM2 -8;0,47;0,51;0,22;0,26;0,24;0,42
292;902;150000;357,14;420;14;30;1;3;01-ago-yyyy;2,012;3;8;2176,57;589,64;2;658194,06;6825660,65;Santa_Bárba;Rua_Domenico_Sônego;NA;Nazaré;99171041;ZM2 - 8;0,53;0,53;0,28;0,28;0,28;0,59
293;903;210000;466,67;450;15;30;1;2;01-ago-yyyy;2,012;3;8;2176,57;589,64;2;658194,06;6825660,65;Santa_Bárba;Rua_Domenico_Sônego;NA;Rita_Bráz;99488080;ZM2 - 8;0,53;0,53;0,28;0,28;0,28;0,59
294;904;430000;489,19;879;30;29,3;1;2;01-ago-yyyy;2,012;3;8;3167,96;1058,23;2;658743,81;6825269,48;Santa_Bárba;Rua_Duarte_da_Costa;NA;Imovest;99788730;ZM2 -8;0,62;0,45;0,39;0,21;0,28;1,06
295;905;160000;355,56;450;17;26,47;1;3;01-ago-yyyy;2,012;3;8;1650,42;125,52;2;658119,96;6826123,1;Santa_Bárba;Rua_Henrique_Lage;Esq_com_angelo_peruchi;Proprietario;34427890;ZM2 - 8;0,52;0,62;0,27;0,39;0,32;0,13
296;906;135000;375;360;12;30;2;3;01-ago-yyyy;2,012;3;8;1921,21;510,92;2;657987,39;6825659,29;Santa_Bárba;Rua_José_Milanez;NA;Proprietario;99934730;ZM2 -8;0,5;0,53;0,25;0,28;0,26;0,51
297;907;120000;285,71;420;14;30;2;3;01-ago-yyyy;2,012;3;8;1893,86;520,18;2;657898,53;6825442,38;Santa_Bárba;Rua_Presidente_Roosevelt;NA;Dinamica;99042054;ZM2 -8;0,48;0,49;0,23;0,24;0,24;0,52
298;908;150000;294,12;510;17;30;2;3;01-ago-yyyy;2,012;1;2;3211,69;903,39;2;658658,37;6825408,48;Santa_Bárba;Rua_Senador_Paulo_Sarazate;NA;Proprietario;99296412;ZR1-2;0,61;0,48;0,37;0,23;0,29;0,9
299;909;150000;320,51;468;20;23,4;1;3;01-ago-yyyy;2,012;3;8;1792,44;539,71;2;657896,51;6825337,34;Santa_Bárba;Rua_Visconde_de_Cairu;NA;Nogueira;96135647;ZM2 -8;0,48;0,47;0,23;0,22;0,23;0,54
300;910;160000;420,07;380,89;15;25,39;2;3;01-jun-yyyy;2,012;3;8;1760,59;355,18;2;657913,3;6825798,24;Santa_Bárba;Rua_Oswaldo_Alberto_Maier;Prox_ao_Nei_Frangos;Duda_Im.;34687777;ZM2 - 8;0,49;0,56;0,24;0,31;0,27;0,36
301;911;165435;551,45;300;15;20;1;3;01-mai-yyyy;2,012;3;8;1763,06;431,13;2;657798,57;6825391,27;Santa_Bárba;Rua_José_de_Alencar;Casa_SN;Avalizan;3045-5598;ZM2 -8;0,47;0,48;0,22;0,23;0,22;0,43
302;913;207000;445,16;465;15;31;1;3;01-mai-yyyy;2,012;2;8;2570,63;607,4;2;658387,25;6825652,91;Santa_Bárba;Rua_Machado_de_Assis;NA;Goes_Imóveis;3045-3344;ZR3 - 8;0,56;0,53;0,32;0,28;0,3;0,61
303;915;170000;365,59;465;15;31;2;2;01-nov-yyyy;2,012;1;2;2894,56;1105,81;2;658607,22;6825189,14;Santa_Bárba;Rua_Duarte_da_Costa;NA;Mandeli_Proprie;99650908;ZR1-2;0,6;0,44;0,36;0,19;0,26;1,11
304;917;1,00E+06;1483,68;674;16;42,13;2;3;01-jan-yyyy;2,012;3;8;1909,5;86,5;2;657469,82;6825733,94;Santa_Bárba;Rua_Emilio_Ventura_Hulse;NA;Avalizan;3045-5598;ZM2 - 8;0,41;0,55;0,17;0,3;0,23;0,09
305;918;600000;444,44;1350;45,5;29,67;2;3;01-jan-yyyy;2,012;2;8;2570,63;607,4;2;658387,25;6825652,91;Santa_Bárba;Rua_Machado_de_Assis;NA;Bemorar;34318900;ZR3 - 8;0,56;0,53;0,32;0,28;0,3;0,61
306;919;50981,08;157,89;322,88;16,21;19,92;2;3;15-nov-yyyy;2,012;1;2;1154,66;805,02;2;656756,88;6826336,81;Santo_Anton;Rua_Luiz_Dal_toé;lote_6;Dados;99068144;ZR1 - 2;0,29;0,67;0,09;0,45;0,2;0,81
307;920;52617,86;143,79;365,94;18;20,33;2;3;01-nov-yyyy;2,012;1;2;1193,34;812,89;2;656780,56;6826384,06;Santo_Antôn;Rua_Luiz_Dal_Toé;NA;Dados;99846852;ZR1 - 2;0,3;0,68;0,09;0,46;0,2;0,81
308;921;62000;134,78;460;15;30,67;2;2;01-set-yyyy;2,012;1;2;1539,45;1021,86;2;657014,19;6826869,29;Santo_Antôn;Rua_Valdir_Porto_Correa;NA;Dados;99621372;ZR1 - 2;0,34;0,77;0,11;0,6;0,26;1,02
309;922;63600;163,98;387,85;12;32,32;2;1;01-set-yyyy;2,012;1;2;1836,91;478,68;2;657289,78;6826396,5;Santo_Antôn;Rua_Amabile_Milanez_Sonego;Esq_com_Nereu_joao_de_Ag;Dados;99426516;ZR1 - 2;0,38;0,68;0,15;0,46;0,26;0,48
310;923;48000;113,48;423;14;30,21;2;1;01-set-yyyy;2,012;1;2;1534,4;920,07;2;657022;6826747,38;Santo_Antôn;Rua_Amabile_Milanez_Sonego;NA;Dados;34332211;ZR1 - 2;0,34;0,75;0,11;0,56;0,25;0,92
311;924;49000;117,22;418;13;32,15;2;1;01-set-yyyy;2,012;1;2;1539,01;893,06;2;657041,07;6826727,95;Santo_Antôn;Rua_Amabile_Milanez_Sonego;NA;Dados;34338031;ZR1 - 2;0,34;0,75;0,12;0,56;0,25;0,89
312;925;52000;120,09;433;14;30,93;2;1;01-set-yyyy;2,012;1;2;1531,29;785,54;2;657098,58;6826636,61;Santo_Antôn;Rua_Amabile_Milanez_Sonego;NA;Dados;34337655;ZR1 - 2;0,35;0,73;0,12;0,53;0,25;0,79
313;926;51000;119,16;428;14;30,57;1;1;01-set-yyyy;2,012;1;2;1546,05;752,87;2;657113,15;6826606,65;Santo_Antôn;Rua_Amabile_Milanez_Sonego;NA;Dados;34337655;ZR1 - 2;0,35;0,72;0,12;0,52;0,25;0,75
314;927;51000;134,21;380;13;29,23;2;3;01-set-yyyy;2,012;1;2;1478,28;430,03;2;657088,31;6826156,26;Santo_Antôn;Rua_Guilherme_Locks;NA;Dados;99943949;ZR1 - 2;0,35;0,63;0,12;0,4;0,22;0,43
315;928;60000;135,75;442;18;24,56;2;2;01-set-yyyy;2,012;1;2;1359,68;475,59;2;656998,06;6826103,92;Santo_Antôn;Rua_Guilherme_Locks_esq_com;Constatina_Dalmolin_Zane;Dados;9917-2025;ZR1 - 2;0,33;0,62;0,11;0,39;0,21;0,48
316;929;65000;144,44;450;15;30;2;1;01-set-yyyy;2,012;1;2;1687,1;618,47;2;657263,53;6826552,12;Santo_Antôn;Rua_Hermogenes_Mauricio;NA;Duda_Im.;34687777;ZR1 - 2;0,38;0,71;0,14;0,5;0,27;0,62
317;930;55000;130,95;420;14;30;2;1;01-set-yyyy;2,012;1;2;1784,37;245,83;2;657368,37;6826164,75;Santo_Antôn;Rua_Jocy_Pereira;NA;Crilar;99824242;ZR1 - 2;0,39;0,63;0,16;0,4;0,25;0,25
318;931;95000;218,96;433,87;15;28,92;2;3;01-set-yyyy;2,012;1;2;1517,73;352,69;2;657048,56;6825926,7;Santo_Antôn;Rua_Luiz_Dal_Toé;NA;Locativa_Imóvei;34371112;ZR1 - 2;0,34;0,59;0,12;0,34;0,2;0,35
319;932;50000;114,94;435;14;31,07;1;2;01-set-yyyy;2,012;1;2;1223,59;921,17;2;656682,23;6826433,15;Santo_Antôn;Rua_Luiz_Dal_Toé;NA;Imovest;3437 5522;ZR1 - 2;0,28;0,69;0,08;0,47;0,19;0,92
320;933;67000;152,27;440;14;31,43;2;3;01-set-yyyy;2,012;1;2;1602,64;795,65;2;657201,19;6826727,27;Santo_Antôn;Rua_Martin_Afonso_de_Souza;NA;Dados;99649450;ZR1 - 2;0,37;0,75;0,13;0,56;0,27;0,8
321;934;64000;142,22;450;15;30;1;2;01-set-yyyy;2,012;1;2;1630;733,16;2;657241,45;6826679,38;Santo_Antôn;Rua_Martin_Afonso_de_Souza;Esq_com_Severino_p_silva;Projetar;34332211;ZR1 - 2;0,37;0,74;0,14;0,54;0,27;0,73
322;935;85000;188,89;450;15;30;2;3;01-set-yyyy;2,012;1;2;1840,18;403,45;2;657287,82;6826301,13;Santo_Antôn;Rua_Prof_Clotildes_M_Martin;esq_Severino_Pereira_Sil;Dados;99848518;ZR1 - 2;0,38;0,66;0,15;0,44;0,25;0,4
323;936;54000;137,29;393,32;12;32,78;2;1;01-set-yyyy;2,012;1;2;1632,54;591,61;2;657159,31;6826440,24;Santo_Antôn;Rua_Prof_Clotildes_M_Martin;NA;Dados;99175538;ZR1 - 2;0,36;0,69;0,13;0,47;0,25;0,59
324;937;80000;184,76;433;14;30,93;2;3;01-set-yyyy;2,012;1;2;1836,17;433,66;2;657261,97;6826319,64;Santo_Antôn;Rua_Prof_Clotildes_M_Martin;NA;Dados;99644932;ZR1 - 2;0,38;0,66;0,14;0,44;0,25;0,43
325;938;52500;135,9;386,3;13;29,72;2;3;01-set-yyyy;2,012;1;2;1706,78;534,51;2;657193,71;6826394,66;Santo_Antôn;Rua_Prof_Clotildes_M_Martin;NA;Dados;91298003;ZR1 - 2;0,37;0,68;0,13;0,46;0,25;0,53
326;939;54000;136,45;395,75;14;28,27;2;3;01-set-yyyy;2,012;1;2;1499,16;744,9;2;657068,66;6826563,86;Santo_Antôn;Rua_Prof_Clotildes_M_Martin;NA;Duda_Im.;34687777;ZR1 - 2;0,34;0,71;0,12;0,51;0,25;0,74
327;940;48000;137,54;348,98;12;29,08;2;3;01-set-yyyy;2,012;1;2;1507,89;830,33;2;657022,88;6826636,21;Santo_Antôn;Rua_Prof_Clotildes_M_Martin;NA;Duda_Im.;34687777;ZR1 - 2;0,34;0,73;0,11;0,53;0,25;0,83
328;941;54000;124,71;433;13;33,31;1;1;01-set-yyyy;2,012;3;4;1520,14;1296,6;2;656592,42;6826887,84;Santo_Antôn;Rua_Sd_1687-059;NA;Dados;34427898;ZM2 - 4;0,27;0,78;0,07;0,6;0,21;1,3
329;942;56000;124,44;450;15;30;2;2;01-set-yyyy;2,012;1;2;1553,64;1343,51;2;656569,25;6826930,29;Santo_Antôn;Rua_Sd_1687-059;NA;Dados;99842137;ZR1 - 2;0,26;0,79;0,07;0,62;0,21;1,34
330;943;90000;207,47;433,8;15;28,92;2;2;01-set-yyyy;2,012;1;2;1417,16;720,25;2;656482,39;6825578,72;Santo_Antôn;SD_1669-029;NA;Locativa_Imóvei;34371112;ZR1 - 2;0,25;0,52;0,06;0,27;0,13;0,72
331;944;65000;163,96;396,44;13;30,5;2;3;01-jun-yyyy;2,012;1;2;1372,59;1030,28;2;656707,11;6826629,1;Santo_Anton;Rua_Luiz_Dal_Toé_Lote_03;Prox_ao_colégio;Duda_Im.;34687777;ZR1 - 2;0,28;0,73;0,08;0,53;0,21;1,03
332;946;55000;102,86;534,7;15;35,65;2;3;01-jun-yyyy;2,012;1;2;1605,18;641,94;2;657151,18;6826496,66;Santo_Antôn;Rua_Ferdinando_Martignagio;Jardim_Amabile_;Duda_Im.;34687777;ZR1 - 2;0,36;0,7;0,13;0,49;0,25;0,64
333;947;48000;110,24;435,41;13;33,49;2;3;01-jun-yyyy;2,012;1;2;1222,18;863,34;2;656749,39;6826426,3;Santo_Antôn;Rua_Luiz_Dal_Toé;Prox_ao_Motel_Talismã;Duda_Im.;34687777;ZR1 - 2;0,29;0,69;0,09;0,47;0,2;0,86
334;948;63600;162,24;392;12;32,67;2;3;01-jun-yyyy;2,012;1;2;1455,24;1199,2;2;656611,38;6826771,4;Santo_Antôn;Rua_Luiz_Dal_Toé_Lote_04_Qd;Prox_ao_Motel_Talismã;Duda_Im.;34687777;ZR1 - 2;0,27;0,75;0,07;0,57;0,2;1,2
335;949;90000;219,89;409,29;13;31,48;2;1;01-jun-yyyy;2,012;1;2;1801,46;287,31;2;657391,94;6826233,77;Santo_Antôn;Rua_Professora_Clotides_Mar;Prox_a_Tiscoski;Duda_Im.;34687777;ZR1 - 2;0,4;0,65;0,16;0,42;0,26;0,29
336;950;64000;164,09;390,02;13;30;1;3;01-jun-yyyy;2,012;1;2;1243,03;988,43;2;656613,43;6826452,19;Santo_Antôn;Rua_Projetada_paralela_com_;Lote_03_Qd;Duda_Im.;34687777;ZR1 - 2;0,27;0,69;0,07;0,48;0,19;0,99
337;951;64000;163,26;392,02;13;30,16;2;3;01-jun-yyyy;2,012;1;2;1115,33;683,99;2;656825,03;6826220,1;Santo_Antôn;Rua_Projetada_;paralela_com_a_Rua_Joinv;Duda_Im.;34687777;ZR1 - 2;0,3;0,64;0,09;0,41;0,2;0,68
338;952;42424,91;103,08;411,58;20,36;20,22;2;1;01-jun-yyyy;2,011;1;2;1566,92;835;3;657096,09;6826696,84;Santo_Anton;Rua_Profª_Clodiltes_M._Lala;Lote_04_Quadra_E;Avalizan;3045-5598;ZR1 - 2;0,35;0,74;0,12;0,55;0,26;0,84
339;953;35121,2;97,56;360;18;20;2;2;01-mai-yyyy;2,011;1;2;1305,75;1106,15;3;656521,95;6826526,9;Santo_Anton;Rua_Turvo;NA;Avalizan;3045-5598;ZR1 - 2;0,25;0,71;0,06;0,5;0,18;1,11
340;954;26644,34;82,94;321,26;16,25;19,77;2;2;01-jan-yyyy;2,011;1;2;1357,25;1167,24;3;656484,36;6826579,46;Santo_Antôn;Rua_Turvo;Lote_02;Avalizan;3045-5598;ZR1 - 2;0,25;0,72;0,06;0,51;0,18;1,17
341;955;60000;166,67;360;18;20;2;3;01-mar-yyyy;2,013;1;2;1156,43;893,1;1;656642,42;6826322,91;Santo_Antôn;Rua_Ataide_Botelho;NA;Marizabel;3433-7655;ZR1 - 2;0,27;0,66;0,07;0,44;0,18;0,89
342;956;60000;165,29;363;17,7;20,51;2;3;01-mar-yyyy;2,013;1;2;1175,43;922,9;1;656624,68;6826350,24;Santo_Antôn;Rua_Ataide_Botelho;NA;Marizabel;3433-7655;ZR1 - 2;0,27;0,67;0,07;0,45;0,18;0,92
343;957;110000;268,76;409,29;18,5;22,12;2;3;01-mar-yyyy;2,013;1;2;1499,6;808,17;1;657022,56;6826608,52;Santo_Antôn;Rua_Professora_Clotides_Mar;NA;Duda_Im.;34687777;ZR1 - 2;0,34;0,72;0,11;0,52;0,24;0,81
344;958;60000;135,75;442;19;23,26;2;1;01-mar-yyyy;2,013;1;2;1489,22;931,24;1;656950,51;6826708,3;Santo_Antôn;Rua_Professora_Clotides_Mar;NA;Duda_Im.;34687777;ZR1 - 2;0,33;0,74;0,11;0,55;0,24;0,93
345;959;75000;173,61;432;16;27;2;1;01-mar-yyyy;2,013;1;2;1493,95;971,13;1;656934,28;6826745,85;Santo_Antôn;Rua_Professora_Clotides_Mar;NA;Silvestre;9942-6516;ZR1 - 2;0,32;0,75;0,1;0,56;0,24;0,97
346;960;70000;215,38;325;13;25;2;3;01-mar-yyyy;2,013;1;2;1566,36;1372,31;1;656570,18;6826969,8;Santo_Antôn;Rua_Sd_1687-059;NA;Helma;3437-0027;ZR1 - 2;0,26;0,79;0,07;0,63;0,21;1,37
347;961;60000;137,43;436,58;18,57;23,51;2;3;01-mar-yyyy;2,013;1;2;1575,66;653,62;1;657129,32;6826495,14;Santo_Antôn;Rua_Professora_Clotides_Mar;NA;Locativa_Imóvei;34371112;ZR1 - 2;0,35;0,7;0,13;0,49;0,25;0,65
348;964;1200000;2909,09;412,5;15;27,5;1;3;01-set-yyyy;2,012;4;16;4312,43;500,57;2;659844,32;6826807,98;Centro;Rua_Felipe_Schimidt;Ao_lado_do_1_tabelionato;Pilar_Imóveis;34377000;ZC2-16;0,81;0,76;0,65;0,58;0,61;0,5
349;966;1200000;2242,99;535;15;35,67;1;3;01-set-yyyy;2,012;4;16;4269,94;360,85;2;659144,67;6826848,31;Centro;Rua_João_Pessoa;NA;Pilar_Imóveis;34377000;ZC2-16;0,69;0,77;0,48;0,59;0,53;0,36
350;968;1,00E+06;946,97;1056;16;66;1;3;01-mar-yyyy;2,014;4;16;3482,33;61,09;1;660016;6826365,53;Centro;Rua_Major_Acácio_Moreira;Prox._A_Kolina;Duda_Im.;34687777;ZC2-16;0,84;0,67;0,7;0,45;0,56;0,06
351;969;1600000;2133,33;750;14,5;51,72;1;3;01-mar-yyyy;2,014;4;16;6004,55;449,23;1;659285,61;6826911,31;Centro;Rua_Barão_do_Rio_Branco;NA;Duda_Im.;34687777;ZC2-16;0,71;0,78;0,51;0,61;0,56;0,45
352;970;1300000;4062,5;320;15;21,33;1;3;01-set-yyyy;2,012;4;16;4358,5;482,12;2;659032,65;6826978,1;Centro;Rua_João_Pessoa;Em_frente_ao_ed._Uno;Dados;NA;ZC2-16;0,67;0,8;0,45;0,63;0,53;0,48
